Timestamp,Command,Elapsed_Time_sec,CPU_Percent,Max_RSS_KB,User_Time_sec,System_Time_sec,Input_Size_MB,Output_Size_MB,Exit_Status
2025-11-14 01:01:08,"stringtie -p 72 4_POST_PROCESSING/4b_Method_2_HISAT2_De_Novo/4_HISAT2_WD/All_Smel_Genes/SRR20722387/",78.56,100,8288,75.78,2.84,10570.07,.01,0
2025-11-14 01:26:01,"stringtie -p 32 4_POST_PROCESSING/4a_Method_1_HISAT2_Ref_Guided/4_HISAT2_WD/All_Smel_Genes/SRR20722234/SRR20722234_All_Smel_Genes_ref_guided_mapped_sorted.bam -G 0_INPUT_FASTAs/All_Smel_Genes_Full_Name_reformatted.gtf -o 4_POST_PROCESSING/4a_Method_1_HISAT2_Ref_Guided/5_stringtie_WD/All_Smel_Genes/SRR20722234/SRR20722234_All_Smel_Genes_ref_guided_stringtie_assembled.gtf -A 4_POST_PROCESSING/4a_Method_1_HISAT2_Ref_Guided/5_stringtie_WD/All_Smel_Genes/SRR20722234/SRR20722234_All_Smel_Genes_ref_guided_gene_abundances.tsv -B -C 4_POST_PROCESSING/4a_Method_1_HISAT2_Ref_Guided/5_stringtie_WD/All_Smel_Genes/SRR20722234/SRR20722234_All_Smel_Genes_ref_guided_cov_refs.gtf",52.65,100,6248,51.33,1.32,9473.14,.06,0
2025-11-14 01:31:22,"stringtie -p 32 4_POST_PROCESSING/4a_Method_1_HISAT2_Ref_Guided/4_HISAT2_WD/All_Smel_Genes/SRR21010466/SRR21010466_All_Smel_Genes_ref_guided_mapped_sorted.bam -G 0_INPUT_FASTAs/All_Smel_Genes_Full_Name_reformatted.gtf -o 4_POST_PROCESSING/4a_Method_1_HISAT2_Ref_Guided/5_stringtie_WD/All_Smel_Genes/SRR21010466/SRR21010466_All_Smel_Genes_ref_guided_stringtie_assembled.gtf -A 4_POST_PROCESSING/4a_Method_1_HISAT2_Ref_Guided/5_stringtie_WD/All_Smel_Genes/SRR21010466/SRR21010466_All_Smel_Genes_ref_guided_gene_abundances.tsv -B -C 4_POST_PROCESSING/4a_Method_1_HISAT2_Ref_Guided/5_stringtie_WD/All_Smel_Genes/SRR21010466/SRR21010466_All_Smel_Genes_ref_guided_cov_refs.gtf",17.34,100,6232,16.41,0.97,2535.10,.07,0
2025-11-14 01:42:20,"stringtie -p 32 4_POST_PROCESSING/4a_Method_1_HISAT2_Ref_Guided/4_HISAT2_WD/All_Smel_Genes/SRR20722233/SRR20722233_All_Smel_Genes_ref_guided_mapped_sorted.bam -G 0_INPUT_FASTAs/All_Smel_Genes_Full_Name_reformatted.gtf -o 4_POST_PROCESSING/4a_Method_1_HISAT2_Ref_Guided/5_stringtie_WD/All_Smel_Genes/SRR20722233/SRR20722233_All_Smel_Genes_ref_guided_stringtie_assembled.gtf -A 4_POST_PROCESSING/4a_Method_1_HISAT2_Ref_Guided/5_stringtie_WD/All_Smel_Genes/SRR20722233/SRR20722233_All_Smel_Genes_ref_guided_gene_abundances.tsv -B -C 4_POST_PROCESSING/4a_Method_1_HISAT2_Ref_Guided/5_stringtie_WD/All_Smel_Genes/SRR20722233/SRR20722233_All_Smel_Genes_ref_guided_cov_refs.gtf",44.77,100,8268,43.66,1.17,8407.89,.07,0
2025-11-14 01:43:05,"stringtie --merge -p 32 -G 0_INPUT_FASTAs/All_Smel_Genes_Full_Name_reformatted.gtf -o 4_POST_PROCESSING/4a_Method_1_HISAT2_Ref_Guided/5_stringtie_WD/All_Smel_Genes/merged/All_Smel_Genes_ref_guided_merged.gtf 4_POST_PROCESSING/4a_Method_1_HISAT2_Ref_Guided/5_stringtie_WD/All_Smel_Genes/merged/gtf_list.txt",0.01,166,5192,0.00,0.01,0,0,0
2025-11-14 01:43:05,"stringtie -p 32 -e -B -G 4_POST_PROCESSING/4a_Method_1_HISAT2_Ref_Guided/5_stringtie_WD/All_Smel_Genes/merged/All_Smel_Genes_ref_guided_merged.gtf -A 4_POST_PROCESSING/4a_Method_1_HISAT2_Ref_Guided/5_stringtie_WD/All_Smel_Genes/SRR20722234/final/SRR20722234_All_Smel_Genes_ref_guided_final_abundances.tsv -o 4_POST_PROCESSING/4a_Method_1_HISAT2_Ref_Guided/5_stringtie_WD/All_Smel_Genes/SRR20722234/final/SRR20722234_All_Smel_Genes_ref_guided_final.gtf 4_POST_PROCESSING/4a_Method_1_HISAT2_Ref_Guided/4_HISAT2_WD/All_Smel_Genes/SRR20722234/SRR20722234_All_Smel_Genes_ref_guided_mapped_sorted.bam",54.94,100,6268,51.35,3.60,0,0,0
2025-11-14 01:44:02,"stringtie -p 32 -e -B -G 4_POST_PROCESSING/4a_Method_1_HISAT2_Ref_Guided/5_stringtie_WD/All_Smel_Genes/merged/All_Smel_Genes_ref_guided_merged.gtf -A 4_POST_PROCESSING/4a_Method_1_HISAT2_Ref_Guided/5_stringtie_WD/All_Smel_Genes/SRR21010466/final/SRR21010466_All_Smel_Genes_ref_guided_final_abundances.tsv -o 4_POST_PROCESSING/4a_Method_1_HISAT2_Ref_Guided/5_stringtie_WD/All_Smel_Genes/SRR21010466/final/SRR21010466_All_Smel_Genes_ref_guided_final.gtf 4_POST_PROCESSING/4a_Method_1_HISAT2_Ref_Guided/4_HISAT2_WD/All_Smel_Genes/SRR21010466/SRR21010466_All_Smel_Genes_ref_guided_mapped_sorted.bam",17.53,100,7228,16.66,0.90,0,0,0
2025-11-14 01:44:20,"stringtie -p 32 -e -B -G 4_POST_PROCESSING/4a_Method_1_HISAT2_Ref_Guided/5_stringtie_WD/All_Smel_Genes/merged/All_Smel_Genes_ref_guided_merged.gtf -A 4_POST_PROCESSING/4a_Method_1_HISAT2_Ref_Guided/5_stringtie_WD/All_Smel_Genes/SRR20722233/final/SRR20722233_All_Smel_Genes_ref_guided_final_abundances.tsv -o 4_POST_PROCESSING/4a_Method_1_HISAT2_Ref_Guided/5_stringtie_WD/All_Smel_Genes/SRR20722233/final/SRR20722233_All_Smel_Genes_ref_guided_final.gtf 4_POST_PROCESSING/4a_Method_1_HISAT2_Ref_Guided/4_HISAT2_WD/All_Smel_Genes/SRR20722233/SRR20722233_All_Smel_Genes_ref_guided_mapped_sorted.bam",45.08,100,8304,43.94,1.20,0,0,0
2025-11-14 03:18:44,"stringtie -p 64 -e -B -G 4_POST_PROCESSING/4a_Method_1_HISAT2_Ref_Guided/5_stringtie_WD/All_Smel_Genes/merged/All_Smel_Genes_ref_guided_merged.gtf -A 4_POST_PROCESSING/4a_Method_1_HISAT2_Ref_Guided/5_stringtie_WD/All_Smel_Genes/SRR20722234/final/SRR20722234_All_Smel_Genes_ref_guided_final_abundances.tsv -o 4_POST_PROCESSING/4a_Method_1_HISAT2_Ref_Guided/5_stringtie_WD/All_Smel_Genes/SRR20722234/final/SRR20722234_All_Smel_Genes_ref_guided_final.gtf 4_POST_PROCESSING/4a_Method_1_HISAT2_Ref_Guided/4_HISAT2_WD/All_Smel_Genes/SRR20722234/SRR20722234_All_Smel_Genes_ref_guided_mapped_sorted.bam",53.15,100,7284,51.76,1.41,0,0,0
2025-11-14 03:19:39,"stringtie -p 64 -e -B -G 4_POST_PROCESSING/4a_Method_1_HISAT2_Ref_Guided/5_stringtie_WD/All_Smel_Genes/merged/All_Smel_Genes_ref_guided_merged.gtf -A 4_POST_PROCESSING/4a_Method_1_HISAT2_Ref_Guided/5_stringtie_WD/All_Smel_Genes/SRR21010466/final/SRR21010466_All_Smel_Genes_ref_guided_final_abundances.tsv -o 4_POST_PROCESSING/4a_Method_1_HISAT2_Ref_Guided/5_stringtie_WD/All_Smel_Genes/SRR21010466/final/SRR21010466_All_Smel_Genes_ref_guided_final.gtf 4_POST_PROCESSING/4a_Method_1_HISAT2_Ref_Guided/4_HISAT2_WD/All_Smel_Genes/SRR21010466/SRR21010466_All_Smel_Genes_ref_guided_mapped_sorted.bam",19.32,100,6276,18.04,1.35,0,0,0
2025-11-14 03:19:59,"stringtie -p 64 -e -B -G 4_POST_PROCESSING/4a_Method_1_HISAT2_Ref_Guided/5_stringtie_WD/All_Smel_Genes/merged/All_Smel_Genes_ref_guided_merged.gtf -A 4_POST_PROCESSING/4a_Method_1_HISAT2_Ref_Guided/5_stringtie_WD/All_Smel_Genes/SRR20722233/final/SRR20722233_All_Smel_Genes_ref_guided_final_abundances.tsv -o 4_POST_PROCESSING/4a_Method_1_HISAT2_Ref_Guided/5_stringtie_WD/All_Smel_Genes/SRR20722233/final/SRR20722233_All_Smel_Genes_ref_guided_final.gtf 4_POST_PROCESSING/4a_Method_1_HISAT2_Ref_Guided/4_HISAT2_WD/All_Smel_Genes/SRR20722233/SRR20722233_All_Smel_Genes_ref_guided_mapped_sorted.bam",47.26,100,9332,43.92,3.39,0,0,0
2025-11-14 03:56:00,"stringtie -p 72 -e -B -G 4_POST_PROCESSING/4a_Method_1_HISAT2_Ref_Guided/5_stringtie_WD/All_Smel_Genes/merged/All_Smel_Genes_ref_guided_merged.gtf -A 4_POST_PROCESSING/4a_Method_1_HISAT2_Ref_Guided/5_stringtie_WD/All_Smel_Genes/SRR20722234/final/SRR20722234_All_Smel_Genes_ref_guided_final_abundances.tsv -o 4_POST_PROCESSING/4a_Method_1_HISAT2_Ref_Guided/5_stringtie_WD/All_Smel_Genes/SRR20722234/final/SRR20722234_All_Smel_Genes_ref_guided_final.gtf 4_POST_PROCESSING/4a_Method_1_HISAT2_Ref_Guided/4_HISAT2_WD/All_Smel_Genes/SRR20722234/SRR20722234_All_Smel_Genes_ref_guided_mapped_sorted.bam",55.57,100,7272,51.90,3.69,0,0,0
2025-11-14 03:56:58,"stringtie -p 72 -e -B -G 4_POST_PROCESSING/4a_Method_1_HISAT2_Ref_Guided/5_stringtie_WD/All_Smel_Genes/merged/All_Smel_Genes_ref_guided_merged.gtf -A 4_POST_PROCESSING/4a_Method_1_HISAT2_Ref_Guided/5_stringtie_WD/All_Smel_Genes/SRR21010466/final/SRR21010466_All_Smel_Genes_ref_guided_final_abundances.tsv -o 4_POST_PROCESSING/4a_Method_1_HISAT2_Ref_Guided/5_stringtie_WD/All_Smel_Genes/SRR21010466/final/SRR21010466_All_Smel_Genes_ref_guided_final.gtf 4_POST_PROCESSING/4a_Method_1_HISAT2_Ref_Guided/4_HISAT2_WD/All_Smel_Genes/SRR21010466/SRR21010466_All_Smel_Genes_ref_guided_mapped_sorted.bam",17.72,100,7272,16.64,1.11,0,0,0
2025-11-14 03:57:16,"stringtie -p 72 -e -B -G 4_POST_PROCESSING/4a_Method_1_HISAT2_Ref_Guided/5_stringtie_WD/All_Smel_Genes/merged/All_Smel_Genes_ref_guided_merged.gtf -A 4_POST_PROCESSING/4a_Method_1_HISAT2_Ref_Guided/5_stringtie_WD/All_Smel_Genes/SRR20722233/final/SRR20722233_All_Smel_Genes_ref_guided_final_abundances.tsv -o 4_POST_PROCESSING/4a_Method_1_HISAT2_Ref_Guided/5_stringtie_WD/All_Smel_Genes/SRR20722233/final/SRR20722233_All_Smel_Genes_ref_guided_final.gtf 4_POST_PROCESSING/4a_Method_1_HISAT2_Ref_Guided/4_HISAT2_WD/All_Smel_Genes/SRR20722233/SRR20722233_All_Smel_Genes_ref_guided_mapped_sorted.bam",46.95,100,9304,43.92,3.10,0,0,0
2025-11-21 23:59:07,"stringtie -p 16 4_POST_PROCESSING/4a_Method_1_HISAT2_Ref_Guided/4_HISAT2_WD/All_Smel_Genes/SRR3884685/SRR3884685_All_Smel_Genes_ref_guided_mapped_sorted.bam -G 0_INPUT_FASTAs/All_Smel_Genes_Full_Name_reformatted.gtf -o 4_POST_PROCESSING/4a_Method_1_HISAT2_Ref_Guided/5_stringtie_WD/All_Smel_Genes/SRR3884685/SRR3884685_All_Smel_Genes_ref_guided_stringtie_assembled.gtf -A 4_POST_PROCESSING/4a_Method_1_HISAT2_Ref_Guided/5_stringtie_WD/All_Smel_Genes/SRR3884685/SRR3884685_All_Smel_Genes_ref_guided_gene_abundances.tsv -B -C 4_POST_PROCESSING/4a_Method_1_HISAT2_Ref_Guided/5_stringtie_WD/All_Smel_Genes/SRR3884685/SRR3884685_All_Smel_Genes_ref_guided_cov_refs.gtf",15.15,100,9328,14.81,0.34,2681.12,.06,0
2025-11-22 00:03:05,"stringtie -p 16 4_POST_PROCESSING/4a_Method_1_HISAT2_Ref_Guided/4_HISAT2_WD/All_Smel_Genes/SRR3884677/SRR3884677_All_Smel_Genes_ref_guided_mapped_sorted.bam -G 0_INPUT_FASTAs/All_Smel_Genes_Full_Name_reformatted.gtf -o 4_POST_PROCESSING/4a_Method_1_HISAT2_Ref_Guided/5_stringtie_WD/All_Smel_Genes/SRR3884677/SRR3884677_All_Smel_Genes_ref_guided_stringtie_assembled.gtf -A 4_POST_PROCESSING/4a_Method_1_HISAT2_Ref_Guided/5_stringtie_WD/All_Smel_Genes/SRR3884677/SRR3884677_All_Smel_Genes_ref_guided_gene_abundances.tsv -B -C 4_POST_PROCESSING/4a_Method_1_HISAT2_Ref_Guided/5_stringtie_WD/All_Smel_Genes/SRR3884677/SRR3884677_All_Smel_Genes_ref_guided_cov_refs.gtf",16.34,100,28740,15.81,0.60,2734.87,.06,0
2025-11-22 00:08:19,"stringtie -p 16 4_POST_PROCESSING/4a_Method_1_HISAT2_Ref_Guided/4_HISAT2_WD/All_Smel_Genes/SRR3884675/SRR3884675_All_Smel_Genes_ref_guided_mapped_sorted.bam -G 0_INPUT_FASTAs/All_Smel_Genes_Full_Name_reformatted.gtf -o 4_POST_PROCESSING/4a_Method_1_HISAT2_Ref_Guided/5_stringtie_WD/All_Smel_Genes/SRR3884675/SRR3884675_All_Smel_Genes_ref_guided_stringtie_assembled.gtf -A 4_POST_PROCESSING/4a_Method_1_HISAT2_Ref_Guided/5_stringtie_WD/All_Smel_Genes/SRR3884675/SRR3884675_All_Smel_Genes_ref_guided_gene_abundances.tsv -B -C 4_POST_PROCESSING/4a_Method_1_HISAT2_Ref_Guided/5_stringtie_WD/All_Smel_Genes/SRR3884675/SRR3884675_All_Smel_Genes_ref_guided_cov_refs.gtf",17.06,100,9352,16.65,0.43,3087.12,.06,0
2025-11-22 00:11:13,"stringtie -p 16 4_POST_PROCESSING/4a_Method_1_HISAT2_Ref_Guided/4_HISAT2_WD/All_Smel_Genes/SRR3884690/SRR3884690_All_Smel_Genes_ref_guided_mapped_sorted.bam -G 0_INPUT_FASTAs/All_Smel_Genes_Full_Name_reformatted.gtf -o 4_POST_PROCESSING/4a_Method_1_HISAT2_Ref_Guided/5_stringtie_WD/All_Smel_Genes/SRR3884690/SRR3884690_All_Smel_Genes_ref_guided_stringtie_assembled.gtf -A 4_POST_PROCESSING/4a_Method_1_HISAT2_Ref_Guided/5_stringtie_WD/All_Smel_Genes/SRR3884690/SRR3884690_All_Smel_Genes_ref_guided_gene_abundances.tsv -B -C 4_POST_PROCESSING/4a_Method_1_HISAT2_Ref_Guided/5_stringtie_WD/All_Smel_Genes/SRR3884690/SRR3884690_All_Smel_Genes_ref_guided_cov_refs.gtf",11.3,100,7296,10.93,0.41,1985.04,.06,0
2025-11-22 00:14:05,"stringtie -p 16 4_POST_PROCESSING/4a_Method_1_HISAT2_Ref_Guided/4_HISAT2_WD/All_Smel_Genes/SRR3884689/SRR3884689_All_Smel_Genes_ref_guided_mapped_sorted.bam -G 0_INPUT_FASTAs/All_Smel_Genes_Full_Name_reformatted.gtf -o 4_POST_PROCESSING/4a_Method_1_HISAT2_Ref_Guided/5_stringtie_WD/All_Smel_Genes/SRR3884689/SRR3884689_All_Smel_Genes_ref_guided_stringtie_assembled.gtf -A 4_POST_PROCESSING/4a_Method_1_HISAT2_Ref_Guided/5_stringtie_WD/All_Smel_Genes/SRR3884689/SRR3884689_All_Smel_Genes_ref_guided_gene_abundances.tsv -B -C 4_POST_PROCESSING/4a_Method_1_HISAT2_Ref_Guided/5_stringtie_WD/All_Smel_Genes/SRR3884689/SRR3884689_All_Smel_Genes_ref_guided_cov_refs.gtf",9.47,100,9348,9.25,0.26,1436.02,.06,0
2025-11-22 00:17:59,"stringtie -p 16 4_POST_PROCESSING/4a_Method_1_HISAT2_Ref_Guided/4_HISAT2_WD/All_Smel_Genes/SRR3884684/SRR3884684_All_Smel_Genes_ref_guided_mapped_sorted.bam -G 0_INPUT_FASTAs/All_Smel_Genes_Full_Name_reformatted.gtf -o 4_POST_PROCESSING/4a_Method_1_HISAT2_Ref_Guided/5_stringtie_WD/All_Smel_Genes/SRR3884684/SRR3884684_All_Smel_Genes_ref_guided_stringtie_assembled.gtf -A 4_POST_PROCESSING/4a_Method_1_HISAT2_Ref_Guided/5_stringtie_WD/All_Smel_Genes/SRR3884684/SRR3884684_All_Smel_Genes_ref_guided_gene_abundances.tsv -B -C 4_POST_PROCESSING/4a_Method_1_HISAT2_Ref_Guided/5_stringtie_WD/All_Smel_Genes/SRR3884684/SRR3884684_All_Smel_Genes_ref_guided_cov_refs.gtf",12.91,100,7300,12.31,0.62,2255.37,.06,0
2025-11-22 00:21:36,"stringtie -p 16 4_POST_PROCESSING/4a_Method_1_HISAT2_Ref_Guided/4_HISAT2_WD/All_Smel_Genes/SRR3884686/SRR3884686_All_Smel_Genes_ref_guided_mapped_sorted.bam -G 0_INPUT_FASTAs/All_Smel_Genes_Full_Name_reformatted.gtf -o 4_POST_PROCESSING/4a_Method_1_HISAT2_Ref_Guided/5_stringtie_WD/All_Smel_Genes/SRR3884686/SRR3884686_All_Smel_Genes_ref_guided_stringtie_assembled.gtf -A 4_POST_PROCESSING/4a_Method_1_HISAT2_Ref_Guided/5_stringtie_WD/All_Smel_Genes/SRR3884686/SRR3884686_All_Smel_Genes_ref_guided_gene_abundances.tsv -B -C 4_POST_PROCESSING/4a_Method_1_HISAT2_Ref_Guided/5_stringtie_WD/All_Smel_Genes/SRR3884686/SRR3884686_All_Smel_Genes_ref_guided_cov_refs.gtf",14.61,100,6256,14.03,0.62,2482.17,.07,0
2025-11-22 00:24:01,"stringtie -p 16 4_POST_PROCESSING/4a_Method_1_HISAT2_Ref_Guided/4_HISAT2_WD/All_Smel_Genes/SRR3884687/SRR3884687_All_Smel_Genes_ref_guided_mapped_sorted.bam -G 0_INPUT_FASTAs/All_Smel_Genes_Full_Name_reformatted.gtf -o 4_POST_PROCESSING/4a_Method_1_HISAT2_Ref_Guided/5_stringtie_WD/All_Smel_Genes/SRR3884687/SRR3884687_All_Smel_Genes_ref_guided_stringtie_assembled.gtf -A 4_POST_PROCESSING/4a_Method_1_HISAT2_Ref_Guided/5_stringtie_WD/All_Smel_Genes/SRR3884687/SRR3884687_All_Smel_Genes_ref_guided_gene_abundances.tsv -B -C 4_POST_PROCESSING/4a_Method_1_HISAT2_Ref_Guided/5_stringtie_WD/All_Smel_Genes/SRR3884687/SRR3884687_All_Smel_Genes_ref_guided_cov_refs.gtf",9.42,100,6224,8.94,0.52,1627.37,.07,0
2025-11-22 00:27:36,"stringtie -p 16 4_POST_PROCESSING/4a_Method_1_HISAT2_Ref_Guided/4_HISAT2_WD/All_Smel_Genes/SRR3884597/SRR3884597_All_Smel_Genes_ref_guided_mapped_sorted.bam -G 0_INPUT_FASTAs/All_Smel_Genes_Full_Name_reformatted.gtf -o 4_POST_PROCESSING/4a_Method_1_HISAT2_Ref_Guided/5_stringtie_WD/All_Smel_Genes/SRR3884597/SRR3884597_All_Smel_Genes_ref_guided_stringtie_assembled.gtf -A 4_POST_PROCESSING/4a_Method_1_HISAT2_Ref_Guided/5_stringtie_WD/All_Smel_Genes/SRR3884597/SRR3884597_All_Smel_Genes_ref_guided_gene_abundances.tsv -B -C 4_POST_PROCESSING/4a_Method_1_HISAT2_Ref_Guided/5_stringtie_WD/All_Smel_Genes/SRR3884597/SRR3884597_All_Smel_Genes_ref_guided_cov_refs.gtf",14.39,100,7252,14.03,0.38,2590.86,.07,0
2025-11-22 00:30:52,"stringtie -p 16 4_POST_PROCESSING/4a_Method_1_HISAT2_Ref_Guided/4_HISAT2_WD/All_Smel_Genes/SRR3884679/SRR3884679_All_Smel_Genes_ref_guided_mapped_sorted.bam -G 0_INPUT_FASTAs/All_Smel_Genes_Full_Name_reformatted.gtf -o 4_POST_PROCESSING/4a_Method_1_HISAT2_Ref_Guided/5_stringtie_WD/All_Smel_Genes/SRR3884679/SRR3884679_All_Smel_Genes_ref_guided_stringtie_assembled.gtf -A 4_POST_PROCESSING/4a_Method_1_HISAT2_Ref_Guided/5_stringtie_WD/All_Smel_Genes/SRR3884679/SRR3884679_All_Smel_Genes_ref_guided_gene_abundances.tsv -B -C 4_POST_PROCESSING/4a_Method_1_HISAT2_Ref_Guided/5_stringtie_WD/All_Smel_Genes/SRR3884679/SRR3884679_All_Smel_Genes_ref_guided_cov_refs.gtf",9.93,100,7308,9.66,0.31,1761.09,.06,0
2025-11-22 00:37:03,"stringtie -p 16 4_POST_PROCESSING/4a_Method_1_HISAT2_Ref_Guided/4_HISAT2_WD/All_Smel_Genes/SRR3884608/SRR3884608_All_Smel_Genes_ref_guided_mapped_sorted.bam -G 0_INPUT_FASTAs/All_Smel_Genes_Full_Name_reformatted.gtf -o 4_POST_PROCESSING/4a_Method_1_HISAT2_Ref_Guided/5_stringtie_WD/All_Smel_Genes/SRR3884608/SRR3884608_All_Smel_Genes_ref_guided_stringtie_assembled.gtf -A 4_POST_PROCESSING/4a_Method_1_HISAT2_Ref_Guided/5_stringtie_WD/All_Smel_Genes/SRR3884608/SRR3884608_All_Smel_Genes_ref_guided_gene_abundances.tsv -B -C 4_POST_PROCESSING/4a_Method_1_HISAT2_Ref_Guided/5_stringtie_WD/All_Smel_Genes/SRR3884608/SRR3884608_All_Smel_Genes_ref_guided_cov_refs.gtf",19.93,100,7248,19.16,0.81,3533.65,.07,0
2025-11-22 00:41:01,"stringtie -p 16 4_POST_PROCESSING/4a_Method_1_HISAT2_Ref_Guided/4_HISAT2_WD/All_Smel_Genes/SRR3884620/SRR3884620_All_Smel_Genes_ref_guided_mapped_sorted.bam -G 0_INPUT_FASTAs/All_Smel_Genes_Full_Name_reformatted.gtf -o 4_POST_PROCESSING/4a_Method_1_HISAT2_Ref_Guided/5_stringtie_WD/All_Smel_Genes/SRR3884620/SRR3884620_All_Smel_Genes_ref_guided_stringtie_assembled.gtf -A 4_POST_PROCESSING/4a_Method_1_HISAT2_Ref_Guided/5_stringtie_WD/All_Smel_Genes/SRR3884620/SRR3884620_All_Smel_Genes_ref_guided_gene_abundances.tsv -B -C 4_POST_PROCESSING/4a_Method_1_HISAT2_Ref_Guided/5_stringtie_WD/All_Smel_Genes/SRR3884620/SRR3884620_All_Smel_Genes_ref_guided_cov_refs.gtf",15.18,100,8320,14.82,0.40,2737.22,.06,0
2025-11-22 00:46:11,"stringtie -p 16 4_POST_PROCESSING/4a_Method_1_HISAT2_Ref_Guided/4_HISAT2_WD/All_Smel_Genes/SRR3884631/SRR3884631_All_Smel_Genes_ref_guided_mapped_sorted.bam -G 0_INPUT_FASTAs/All_Smel_Genes_Full_Name_reformatted.gtf -o 4_POST_PROCESSING/4a_Method_1_HISAT2_Ref_Guided/5_stringtie_WD/All_Smel_Genes/SRR3884631/SRR3884631_All_Smel_Genes_ref_guided_stringtie_assembled.gtf -A 4_POST_PROCESSING/4a_Method_1_HISAT2_Ref_Guided/5_stringtie_WD/All_Smel_Genes/SRR3884631/SRR3884631_All_Smel_Genes_ref_guided_gene_abundances.tsv -B -C 4_POST_PROCESSING/4a_Method_1_HISAT2_Ref_Guided/5_stringtie_WD/All_Smel_Genes/SRR3884631/SRR3884631_All_Smel_Genes_ref_guided_cov_refs.gtf",17.37,100,7264,16.12,1.28,2992.87,.06,0
2025-11-22 00:51:30,"stringtie -p 16 4_POST_PROCESSING/4a_Method_1_HISAT2_Ref_Guided/4_HISAT2_WD/All_Smel_Genes/SRR3884642/SRR3884642_All_Smel_Genes_ref_guided_mapped_sorted.bam -G 0_INPUT_FASTAs/All_Smel_Genes_Full_Name_reformatted.gtf -o 4_POST_PROCESSING/4a_Method_1_HISAT2_Ref_Guided/5_stringtie_WD/All_Smel_Genes/SRR3884642/SRR3884642_All_Smel_Genes_ref_guided_stringtie_assembled.gtf -A 4_POST_PROCESSING/4a_Method_1_HISAT2_Ref_Guided/5_stringtie_WD/All_Smel_Genes/SRR3884642/SRR3884642_All_Smel_Genes_ref_guided_gene_abundances.tsv -B -C 4_POST_PROCESSING/4a_Method_1_HISAT2_Ref_Guided/5_stringtie_WD/All_Smel_Genes/SRR3884642/SRR3884642_All_Smel_Genes_ref_guided_cov_refs.gtf",19.96,100,8288,19.48,0.54,3623.60,.06,0
2025-11-22 00:55:47,"stringtie -p 16 4_POST_PROCESSING/4a_Method_1_HISAT2_Ref_Guided/4_HISAT2_WD/All_Smel_Genes/SRR3884653/SRR3884653_All_Smel_Genes_ref_guided_mapped_sorted.bam -G 0_INPUT_FASTAs/All_Smel_Genes_Full_Name_reformatted.gtf -o 4_POST_PROCESSING/4a_Method_1_HISAT2_Ref_Guided/5_stringtie_WD/All_Smel_Genes/SRR3884653/SRR3884653_All_Smel_Genes_ref_guided_stringtie_assembled.gtf -A 4_POST_PROCESSING/4a_Method_1_HISAT2_Ref_Guided/5_stringtie_WD/All_Smel_Genes/SRR3884653/SRR3884653_All_Smel_Genes_ref_guided_gene_abundances.tsv -B -C 4_POST_PROCESSING/4a_Method_1_HISAT2_Ref_Guided/5_stringtie_WD/All_Smel_Genes/SRR3884653/SRR3884653_All_Smel_Genes_ref_guided_cov_refs.gtf",17.14,100,7288,16.25,0.92,3026.25,.06,0
2025-11-22 00:59:27,"stringtie -p 16 4_POST_PROCESSING/4a_Method_1_HISAT2_Ref_Guided/4_HISAT2_WD/All_Smel_Genes/SRR3884664/SRR3884664_All_Smel_Genes_ref_guided_mapped_sorted.bam -G 0_INPUT_FASTAs/All_Smel_Genes_Full_Name_reformatted.gtf -o 4_POST_PROCESSING/4a_Method_1_HISAT2_Ref_Guided/5_stringtie_WD/All_Smel_Genes/SRR3884664/SRR3884664_All_Smel_Genes_ref_guided_stringtie_assembled.gtf -A 4_POST_PROCESSING/4a_Method_1_HISAT2_Ref_Guided/5_stringtie_WD/All_Smel_Genes/SRR3884664/SRR3884664_All_Smel_Genes_ref_guided_gene_abundances.tsv -B -C 4_POST_PROCESSING/4a_Method_1_HISAT2_Ref_Guided/5_stringtie_WD/All_Smel_Genes/SRR3884664/SRR3884664_All_Smel_Genes_ref_guided_cov_refs.gtf",14.09,100,7248,13.75,0.37,2511.07,.06,0
2025-11-22 01:03:28,"stringtie -p 16 4_POST_PROCESSING/4a_Method_1_HISAT2_Ref_Guided/4_HISAT2_WD/All_Smel_Genes/SRR3884680/SRR3884680_All_Smel_Genes_ref_guided_mapped_sorted.bam -G 0_INPUT_FASTAs/All_Smel_Genes_Full_Name_reformatted.gtf -o 4_POST_PROCESSING/4a_Method_1_HISAT2_Ref_Guided/5_stringtie_WD/All_Smel_Genes/SRR3884680/SRR3884680_All_Smel_Genes_ref_guided_stringtie_assembled.gtf -A 4_POST_PROCESSING/4a_Method_1_HISAT2_Ref_Guided/5_stringtie_WD/All_Smel_Genes/SRR3884680/SRR3884680_All_Smel_Genes_ref_guided_gene_abundances.tsv -B -C 4_POST_PROCESSING/4a_Method_1_HISAT2_Ref_Guided/5_stringtie_WD/All_Smel_Genes/SRR3884680/SRR3884680_All_Smel_Genes_ref_guided_cov_refs.gtf",17.03,100,8300,15.63,1.43,2925.16,.06,0
2025-11-22 01:08:27,"stringtie -p 16 4_POST_PROCESSING/4a_Method_1_HISAT2_Ref_Guided/4_HISAT2_WD/All_Smel_Genes/SRR3884681/SRR3884681_All_Smel_Genes_ref_guided_mapped_sorted.bam -G 0_INPUT_FASTAs/All_Smel_Genes_Full_Name_reformatted.gtf -o 4_POST_PROCESSING/4a_Method_1_HISAT2_Ref_Guided/5_stringtie_WD/All_Smel_Genes/SRR3884681/SRR3884681_All_Smel_Genes_ref_guided_stringtie_assembled.gtf -A 4_POST_PROCESSING/4a_Method_1_HISAT2_Ref_Guided/5_stringtie_WD/All_Smel_Genes/SRR3884681/SRR3884681_All_Smel_Genes_ref_guided_gene_abundances.tsv -B -C 4_POST_PROCESSING/4a_Method_1_HISAT2_Ref_Guided/5_stringtie_WD/All_Smel_Genes/SRR3884681/SRR3884681_All_Smel_Genes_ref_guided_cov_refs.gtf",20.34,100,7256,19.38,0.99,3591.42,.06,0
2025-11-22 01:14:09,"stringtie -p 16 4_POST_PROCESSING/4a_Method_1_HISAT2_Ref_Guided/4_HISAT2_WD/All_Smel_Genes/SRR3884678/SRR3884678_All_Smel_Genes_ref_guided_mapped_sorted.bam -G 0_INPUT_FASTAs/All_Smel_Genes_Full_Name_reformatted.gtf -o 4_POST_PROCESSING/4a_Method_1_HISAT2_Ref_Guided/5_stringtie_WD/All_Smel_Genes/SRR3884678/SRR3884678_All_Smel_Genes_ref_guided_stringtie_assembled.gtf -A 4_POST_PROCESSING/4a_Method_1_HISAT2_Ref_Guided/5_stringtie_WD/All_Smel_Genes/SRR3884678/SRR3884678_All_Smel_Genes_ref_guided_gene_abundances.tsv -B -C 4_POST_PROCESSING/4a_Method_1_HISAT2_Ref_Guided/5_stringtie_WD/All_Smel_Genes/SRR3884678/SRR3884678_All_Smel_Genes_ref_guided_cov_refs.gtf",21.54,100,8312,20.66,0.92,3771.78,.06,0
2025-11-22 01:30:54,"stringtie -p 16 4_POST_PROCESSING/4a_Method_1_HISAT2_Ref_Guided/4_HISAT2_WD/All_Smel_Genes/SRR20722234/SRR20722234_All_Smel_Genes_ref_guided_mapped_sorted.bam -G 0_INPUT_FASTAs/All_Smel_Genes_Full_Name_reformatted.gtf -o 4_POST_PROCESSING/4a_Method_1_HISAT2_Ref_Guided/5_stringtie_WD/All_Smel_Genes/SRR20722234/SRR20722234_All_Smel_Genes_ref_guided_stringtie_assembled.gtf -A 4_POST_PROCESSING/4a_Method_1_HISAT2_Ref_Guided/5_stringtie_WD/All_Smel_Genes/SRR20722234/SRR20722234_All_Smel_Genes_ref_guided_gene_abundances.tsv -B -C 4_POST_PROCESSING/4a_Method_1_HISAT2_Ref_Guided/5_stringtie_WD/All_Smel_Genes/SRR20722234/SRR20722234_All_Smel_Genes_ref_guided_cov_refs.gtf",54.72,100,6252,51.59,3.14,9473.04,.06,0
2025-11-22 01:36:54,"stringtie -p 16 4_POST_PROCESSING/4a_Method_1_HISAT2_Ref_Guided/4_HISAT2_WD/All_Smel_Genes/SRR21010466/SRR21010466_All_Smel_Genes_ref_guided_mapped_sorted.bam -G 0_INPUT_FASTAs/All_Smel_Genes_Full_Name_reformatted.gtf -o 4_POST_PROCESSING/4a_Method_1_HISAT2_Ref_Guided/5_stringtie_WD/All_Smel_Genes/SRR21010466/SRR21010466_All_Smel_Genes_ref_guided_stringtie_assembled.gtf -A 4_POST_PROCESSING/4a_Method_1_HISAT2_Ref_Guided/5_stringtie_WD/All_Smel_Genes/SRR21010466/SRR21010466_All_Smel_Genes_ref_guided_gene_abundances.tsv -B -C 4_POST_PROCESSING/4a_Method_1_HISAT2_Ref_Guided/5_stringtie_WD/All_Smel_Genes/SRR21010466/SRR21010466_All_Smel_Genes_ref_guided_cov_refs.gtf",16.97,100,6212,16.53,0.48,2535.10,.07,0
2025-11-22 01:49:31,"stringtie -p 16 4_POST_PROCESSING/4a_Method_1_HISAT2_Ref_Guided/4_HISAT2_WD/All_Smel_Genes/SRR20722233/SRR20722233_All_Smel_Genes_ref_guided_mapped_sorted.bam -G 0_INPUT_FASTAs/All_Smel_Genes_Full_Name_reformatted.gtf -o 4_POST_PROCESSING/4a_Method_1_HISAT2_Ref_Guided/5_stringtie_WD/All_Smel_Genes/SRR20722233/SRR20722233_All_Smel_Genes_ref_guided_stringtie_assembled.gtf -A 4_POST_PROCESSING/4a_Method_1_HISAT2_Ref_Guided/5_stringtie_WD/All_Smel_Genes/SRR20722233/SRR20722233_All_Smel_Genes_ref_guided_gene_abundances.tsv -B -C 4_POST_PROCESSING/4a_Method_1_HISAT2_Ref_Guided/5_stringtie_WD/All_Smel_Genes/SRR20722233/SRR20722233_All_Smel_Genes_ref_guided_cov_refs.gtf",45.98,100,8316,44.11,1.91,8407.88,.07,0
2025-11-22 02:06:51,"stringtie -p 16 4_POST_PROCESSING/4a_Method_1_HISAT2_Ref_Guided/4_HISAT2_WD/All_Smel_Genes/SRR20722387/SRR20722387_All_Smel_Genes_ref_guided_mapped_sorted.bam -G 0_INPUT_FASTAs/All_Smel_Genes_Full_Name_reformatted.gtf -o 4_POST_PROCESSING/4a_Method_1_HISAT2_Ref_Guided/5_stringtie_WD/All_Smel_Genes/SRR20722387/SRR20722387_All_Smel_Genes_ref_guided_stringtie_assembled.gtf -A 4_POST_PROCESSING/4a_Method_1_HISAT2_Ref_Guided/5_stringtie_WD/All_Smel_Genes/SRR20722387/SRR20722387_All_Smel_Genes_ref_guided_gene_abundances.tsv -B -C 4_POST_PROCESSING/4a_Method_1_HISAT2_Ref_Guided/5_stringtie_WD/All_Smel_Genes/SRR20722387/SRR20722387_All_Smel_Genes_ref_guided_cov_refs.gtf",58.75,100,8280,55.75,3.01,10570.00,.06,0
2025-11-22 02:15:03,"stringtie -p 16 4_POST_PROCESSING/4a_Method_1_HISAT2_Ref_Guided/4_HISAT2_WD/All_Smel_Genes/SRR23909863/SRR23909863_All_Smel_Genes_ref_guided_mapped_sorted.bam -G 0_INPUT_FASTAs/All_Smel_Genes_Full_Name_reformatted.gtf -o 4_POST_PROCESSING/4a_Method_1_HISAT2_Ref_Guided/5_stringtie_WD/All_Smel_Genes/SRR23909863/SRR23909863_All_Smel_Genes_ref_guided_stringtie_assembled.gtf -A 4_POST_PROCESSING/4a_Method_1_HISAT2_Ref_Guided/5_stringtie_WD/All_Smel_Genes/SRR23909863/SRR23909863_All_Smel_Genes_ref_guided_gene_abundances.tsv -B -C 4_POST_PROCESSING/4a_Method_1_HISAT2_Ref_Guided/5_stringtie_WD/All_Smel_Genes/SRR23909863/SRR23909863_All_Smel_Genes_ref_guided_cov_refs.gtf",20.19,100,7268,19.32,0.91,2889.74,.07,0
2025-11-22 02:31:19,"stringtie -p 16 4_POST_PROCESSING/4a_Method_1_HISAT2_Ref_Guided/4_HISAT2_WD/All_Smel_Genes/SRR20722297/SRR20722297_All_Smel_Genes_ref_guided_mapped_sorted.bam -G 0_INPUT_FASTAs/All_Smel_Genes_Full_Name_reformatted.gtf -o 4_POST_PROCESSING/4a_Method_1_HISAT2_Ref_Guided/5_stringtie_WD/All_Smel_Genes/SRR20722297/SRR20722297_All_Smel_Genes_ref_guided_stringtie_assembled.gtf -A 4_POST_PROCESSING/4a_Method_1_HISAT2_Ref_Guided/5_stringtie_WD/All_Smel_Genes/SRR20722297/SRR20722297_All_Smel_Genes_ref_guided_gene_abundances.tsv -B -C 4_POST_PROCESSING/4a_Method_1_HISAT2_Ref_Guided/5_stringtie_WD/All_Smel_Genes/SRR20722297/SRR20722297_All_Smel_Genes_ref_guided_cov_refs.gtf",52.1,100,8256,49.32,2.84,8473.39,.07,0
2025-11-22 02:40:29,"stringtie -p 16 4_POST_PROCESSING/4a_Method_1_HISAT2_Ref_Guided/4_HISAT2_WD/All_Smel_Genes/SRR20722296/SRR20722296_All_Smel_Genes_ref_guided_mapped_sorted.bam -G 0_INPUT_FASTAs/All_Smel_Genes_Full_Name_reformatted.gtf -o 4_POST_PROCESSING/4a_Method_1_HISAT2_Ref_Guided/5_stringtie_WD/All_Smel_Genes/SRR20722296/SRR20722296_All_Smel_Genes_ref_guided_stringtie_assembled.gtf -A 4_POST_PROCESSING/4a_Method_1_HISAT2_Ref_Guided/5_stringtie_WD/All_Smel_Genes/SRR20722296/SRR20722296_All_Smel_Genes_ref_guided_gene_abundances.tsv -B -C 4_POST_PROCESSING/4a_Method_1_HISAT2_Ref_Guided/5_stringtie_WD/All_Smel_Genes/SRR20722296/SRR20722296_All_Smel_Genes_ref_guided_cov_refs.gtf",26.17,100,7280,24.63,1.58,4340.82,.07,0
2025-11-22 02:58:00,"stringtie -p 16 4_POST_PROCESSING/4a_Method_1_HISAT2_Ref_Guided/4_HISAT2_WD/All_Smel_Genes/SRR20722384/SRR20722384_All_Smel_Genes_ref_guided_mapped_sorted.bam -G 0_INPUT_FASTAs/All_Smel_Genes_Full_Name_reformatted.gtf -o 4_POST_PROCESSING/4a_Method_1_HISAT2_Ref_Guided/5_stringtie_WD/All_Smel_Genes/SRR20722384/SRR20722384_All_Smel_Genes_ref_guided_stringtie_assembled.gtf -A 4_POST_PROCESSING/4a_Method_1_HISAT2_Ref_Guided/5_stringtie_WD/All_Smel_Genes/SRR20722384/SRR20722384_All_Smel_Genes_ref_guided_gene_abundances.tsv -B -C 4_POST_PROCESSING/4a_Method_1_HISAT2_Ref_Guided/5_stringtie_WD/All_Smel_Genes/SRR20722384/SRR20722384_All_Smel_Genes_ref_guided_cov_refs.gtf",61.83,100,8304,59.15,2.70,11272.41,.07,0
2025-11-22 03:05:41,"stringtie -p 16 4_POST_PROCESSING/4a_Method_1_HISAT2_Ref_Guided/4_HISAT2_WD/All_Smel_Genes/SRR31755282/SRR31755282_All_Smel_Genes_ref_guided_mapped_sorted.bam -G 0_INPUT_FASTAs/All_Smel_Genes_Full_Name_reformatted.gtf -o 4_POST_PROCESSING/4a_Method_1_HISAT2_Ref_Guided/5_stringtie_WD/All_Smel_Genes/SRR31755282/SRR31755282_All_Smel_Genes_ref_guided_stringtie_assembled.gtf -A 4_POST_PROCESSING/4a_Method_1_HISAT2_Ref_Guided/5_stringtie_WD/All_Smel_Genes/SRR31755282/SRR31755282_All_Smel_Genes_ref_guided_gene_abundances.tsv -B -C 4_POST_PROCESSING/4a_Method_1_HISAT2_Ref_Guided/5_stringtie_WD/All_Smel_Genes/SRR31755282/SRR31755282_All_Smel_Genes_ref_guided_cov_refs.gtf",16.61,100,6236,16.11,0.53,2224.87,.07,0
2025-11-22 03:05:58,"stringtie --merge -p 16 -G 0_INPUT_FASTAs/All_Smel_Genes_Full_Name_reformatted.gtf -o 4_POST_PROCESSING/4a_Method_1_HISAT2_Ref_Guided/5_stringtie_WD/All_Smel_Genes/merged/All_Smel_Genes_ref_guided_merged.gtf 4_POST_PROCESSING/4a_Method_1_HISAT2_Ref_Guided/5_stringtie_WD/All_Smel_Genes/merged/gtf_list.txt",0.02,100,5232,0.01,0.01,0,0,0
2025-11-22 03:05:58,"stringtie -p 16 -e -B -G 4_POST_PROCESSING/4a_Method_1_HISAT2_Ref_Guided/5_stringtie_WD/All_Smel_Genes/merged/All_Smel_Genes_ref_guided_merged.gtf -A 4_POST_PROCESSING/4a_Method_1_HISAT2_Ref_Guided/5_stringtie_WD/All_Smel_Genes/SRR3884685/final/SRR3884685_All_Smel_Genes_ref_guided_final_abundances.tsv -o 4_POST_PROCESSING/4a_Method_1_HISAT2_Ref_Guided/5_stringtie_WD/All_Smel_Genes/SRR3884685/final/SRR3884685_All_Smel_Genes_ref_guided_final.gtf 4_POST_PROCESSING/4a_Method_1_HISAT2_Ref_Guided/4_HISAT2_WD/All_Smel_Genes/SRR3884685/SRR3884685_All_Smel_Genes_ref_guided_mapped_sorted.bam",16.16,100,8300,15.26,0.92,0,0,0
2025-11-22 03:06:14,"stringtie -p 16 -e -B -G 4_POST_PROCESSING/4a_Method_1_HISAT2_Ref_Guided/5_stringtie_WD/All_Smel_Genes/merged/All_Smel_Genes_ref_guided_merged.gtf -A 4_POST_PROCESSING/4a_Method_1_HISAT2_Ref_Guided/5_stringtie_WD/All_Smel_Genes/SRR3884677/final/SRR3884677_All_Smel_Genes_ref_guided_final_abundances.tsv -o 4_POST_PROCESSING/4a_Method_1_HISAT2_Ref_Guided/5_stringtie_WD/All_Smel_Genes/SRR3884677/final/SRR3884677_All_Smel_Genes_ref_guided_final.gtf 4_POST_PROCESSING/4a_Method_1_HISAT2_Ref_Guided/4_HISAT2_WD/All_Smel_Genes/SRR3884677/SRR3884677_All_Smel_Genes_ref_guided_mapped_sorted.bam",17.19,100,30792,16.29,0.92,0,0,0
2025-11-22 03:06:32,"stringtie -p 16 -e -B -G 4_POST_PROCESSING/4a_Method_1_HISAT2_Ref_Guided/5_stringtie_WD/All_Smel_Genes/merged/All_Smel_Genes_ref_guided_merged.gtf -A 4_POST_PROCESSING/4a_Method_1_HISAT2_Ref_Guided/5_stringtie_WD/All_Smel_Genes/SRR3884675/final/SRR3884675_All_Smel_Genes_ref_guided_final_abundances.tsv -o 4_POST_PROCESSING/4a_Method_1_HISAT2_Ref_Guided/5_stringtie_WD/All_Smel_Genes/SRR3884675/final/SRR3884675_All_Smel_Genes_ref_guided_final.gtf 4_POST_PROCESSING/4a_Method_1_HISAT2_Ref_Guided/4_HISAT2_WD/All_Smel_Genes/SRR3884675/SRR3884675_All_Smel_Genes_ref_guided_mapped_sorted.bam",17.93,100,9328,16.86,1.11,0,0,0
2025-11-22 03:06:51,"stringtie -p 16 -e -B -G 4_POST_PROCESSING/4a_Method_1_HISAT2_Ref_Guided/5_stringtie_WD/All_Smel_Genes/merged/All_Smel_Genes_ref_guided_merged.gtf -A 4_POST_PROCESSING/4a_Method_1_HISAT2_Ref_Guided/5_stringtie_WD/All_Smel_Genes/SRR3884690/final/SRR3884690_All_Smel_Genes_ref_guided_final_abundances.tsv -o 4_POST_PROCESSING/4a_Method_1_HISAT2_Ref_Guided/5_stringtie_WD/All_Smel_Genes/SRR3884690/final/SRR3884690_All_Smel_Genes_ref_guided_final.gtf 4_POST_PROCESSING/4a_Method_1_HISAT2_Ref_Guided/4_HISAT2_WD/All_Smel_Genes/SRR3884690/SRR3884690_All_Smel_Genes_ref_guided_mapped_sorted.bam",11.7,100,7280,11.09,0.64,0,0,0
2025-11-22 03:07:03,"stringtie -p 16 -e -B -G 4_POST_PROCESSING/4a_Method_1_HISAT2_Ref_Guided/5_stringtie_WD/All_Smel_Genes/merged/All_Smel_Genes_ref_guided_merged.gtf -A 4_POST_PROCESSING/4a_Method_1_HISAT2_Ref_Guided/5_stringtie_WD/All_Smel_Genes/SRR3884689/final/SRR3884689_All_Smel_Genes_ref_guided_final_abundances.tsv -o 4_POST_PROCESSING/4a_Method_1_HISAT2_Ref_Guided/5_stringtie_WD/All_Smel_Genes/SRR3884689/final/SRR3884689_All_Smel_Genes_ref_guided_final.gtf 4_POST_PROCESSING/4a_Method_1_HISAT2_Ref_Guided/4_HISAT2_WD/All_Smel_Genes/SRR3884689/SRR3884689_All_Smel_Genes_ref_guided_mapped_sorted.bam",10.04,100,9320,9.48,0.59,0,0,0
2025-11-22 03:07:13,"stringtie -p 16 -e -B -G 4_POST_PROCESSING/4a_Method_1_HISAT2_Ref_Guided/5_stringtie_WD/All_Smel_Genes/merged/All_Smel_Genes_ref_guided_merged.gtf -A 4_POST_PROCESSING/4a_Method_1_HISAT2_Ref_Guided/5_stringtie_WD/All_Smel_Genes/SRR3884684/final/SRR3884684_All_Smel_Genes_ref_guided_final_abundances.tsv -o 4_POST_PROCESSING/4a_Method_1_HISAT2_Ref_Guided/5_stringtie_WD/All_Smel_Genes/SRR3884684/final/SRR3884684_All_Smel_Genes_ref_guided_final.gtf 4_POST_PROCESSING/4a_Method_1_HISAT2_Ref_Guided/4_HISAT2_WD/All_Smel_Genes/SRR3884684/SRR3884684_All_Smel_Genes_ref_guided_mapped_sorted.bam",12.78,100,7244,12.38,0.43,0,0,0
2025-11-22 03:07:26,"stringtie -p 16 -e -B -G 4_POST_PROCESSING/4a_Method_1_HISAT2_Ref_Guided/5_stringtie_WD/All_Smel_Genes/merged/All_Smel_Genes_ref_guided_merged.gtf -A 4_POST_PROCESSING/4a_Method_1_HISAT2_Ref_Guided/5_stringtie_WD/All_Smel_Genes/SRR3884686/final/SRR3884686_All_Smel_Genes_ref_guided_final_abundances.tsv -o 4_POST_PROCESSING/4a_Method_1_HISAT2_Ref_Guided/5_stringtie_WD/All_Smel_Genes/SRR3884686/final/SRR3884686_All_Smel_Genes_ref_guided_final.gtf 4_POST_PROCESSING/4a_Method_1_HISAT2_Ref_Guided/4_HISAT2_WD/All_Smel_Genes/SRR3884686/SRR3884686_All_Smel_Genes_ref_guided_mapped_sorted.bam",14.45,100,6252,13.69,0.80,0,0,0
2025-11-22 03:07:41,"stringtie -p 16 -e -B -G 4_POST_PROCESSING/4a_Method_1_HISAT2_Ref_Guided/5_stringtie_WD/All_Smel_Genes/merged/All_Smel_Genes_ref_guided_merged.gtf -A 4_POST_PROCESSING/4a_Method_1_HISAT2_Ref_Guided/5_stringtie_WD/All_Smel_Genes/SRR3884687/final/SRR3884687_All_Smel_Genes_ref_guided_final_abundances.tsv -o 4_POST_PROCESSING/4a_Method_1_HISAT2_Ref_Guided/5_stringtie_WD/All_Smel_Genes/SRR3884687/final/SRR3884687_All_Smel_Genes_ref_guided_final.gtf 4_POST_PROCESSING/4a_Method_1_HISAT2_Ref_Guided/4_HISAT2_WD/All_Smel_Genes/SRR3884687/SRR3884687_All_Smel_Genes_ref_guided_mapped_sorted.bam",9.4,100,6256,8.95,0.49,0,0,0
2025-11-22 03:07:51,"stringtie -p 16 -e -B -G 4_POST_PROCESSING/4a_Method_1_HISAT2_Ref_Guided/5_stringtie_WD/All_Smel_Genes/merged/All_Smel_Genes_ref_guided_merged.gtf -A 4_POST_PROCESSING/4a_Method_1_HISAT2_Ref_Guided/5_stringtie_WD/All_Smel_Genes/SRR3884597/final/SRR3884597_All_Smel_Genes_ref_guided_final_abundances.tsv -o 4_POST_PROCESSING/4a_Method_1_HISAT2_Ref_Guided/5_stringtie_WD/All_Smel_Genes/SRR3884597/final/SRR3884597_All_Smel_Genes_ref_guided_final.gtf 4_POST_PROCESSING/4a_Method_1_HISAT2_Ref_Guided/4_HISAT2_WD/All_Smel_Genes/SRR3884597/SRR3884597_All_Smel_Genes_ref_guided_mapped_sorted.bam",15.1,100,7260,14.14,1.00,0,0,0
2025-11-22 03:08:07,"stringtie -p 16 -e -B -G 4_POST_PROCESSING/4a_Method_1_HISAT2_Ref_Guided/5_stringtie_WD/All_Smel_Genes/merged/All_Smel_Genes_ref_guided_merged.gtf -A 4_POST_PROCESSING/4a_Method_1_HISAT2_Ref_Guided/5_stringtie_WD/All_Smel_Genes/SRR3884679/final/SRR3884679_All_Smel_Genes_ref_guided_final_abundances.tsv -o 4_POST_PROCESSING/4a_Method_1_HISAT2_Ref_Guided/5_stringtie_WD/All_Smel_Genes/SRR3884679/final/SRR3884679_All_Smel_Genes_ref_guided_final.gtf 4_POST_PROCESSING/4a_Method_1_HISAT2_Ref_Guided/4_HISAT2_WD/All_Smel_Genes/SRR3884679/SRR3884679_All_Smel_Genes_ref_guided_mapped_sorted.bam",10.01,100,7236,9.75,0.29,0,0,0
2025-11-22 03:08:17,"stringtie -p 16 -e -B -G 4_POST_PROCESSING/4a_Method_1_HISAT2_Ref_Guided/5_stringtie_WD/All_Smel_Genes/merged/All_Smel_Genes_ref_guided_merged.gtf -A 4_POST_PROCESSING/4a_Method_1_HISAT2_Ref_Guided/5_stringtie_WD/All_Smel_Genes/SRR3884608/final/SRR3884608_All_Smel_Genes_ref_guided_final_abundances.tsv -o 4_POST_PROCESSING/4a_Method_1_HISAT2_Ref_Guided/5_stringtie_WD/All_Smel_Genes/SRR3884608/final/SRR3884608_All_Smel_Genes_ref_guided_final.gtf 4_POST_PROCESSING/4a_Method_1_HISAT2_Ref_Guided/4_HISAT2_WD/All_Smel_Genes/SRR3884608/SRR3884608_All_Smel_Genes_ref_guided_mapped_sorted.bam",20.07,100,8296,19.28,0.83,0,0,0
2025-11-22 03:08:38,"stringtie -p 16 -e -B -G 4_POST_PROCESSING/4a_Method_1_HISAT2_Ref_Guided/5_stringtie_WD/All_Smel_Genes/merged/All_Smel_Genes_ref_guided_merged.gtf -A 4_POST_PROCESSING/4a_Method_1_HISAT2_Ref_Guided/5_stringtie_WD/All_Smel_Genes/SRR3884620/final/SRR3884620_All_Smel_Genes_ref_guided_final_abundances.tsv -o 4_POST_PROCESSING/4a_Method_1_HISAT2_Ref_Guided/5_stringtie_WD/All_Smel_Genes/SRR3884620/final/SRR3884620_All_Smel_Genes_ref_guided_final.gtf 4_POST_PROCESSING/4a_Method_1_HISAT2_Ref_Guided/4_HISAT2_WD/All_Smel_Genes/SRR3884620/SRR3884620_All_Smel_Genes_ref_guided_mapped_sorted.bam",15.33,100,8316,14.96,0.41,0,0,0
2025-11-22 03:08:54,"stringtie -p 16 -e -B -G 4_POST_PROCESSING/4a_Method_1_HISAT2_Ref_Guided/5_stringtie_WD/All_Smel_Genes/merged/All_Smel_Genes_ref_guided_merged.gtf -A 4_POST_PROCESSING/4a_Method_1_HISAT2_Ref_Guided/5_stringtie_WD/All_Smel_Genes/SRR3884631/final/SRR3884631_All_Smel_Genes_ref_guided_final_abundances.tsv -o 4_POST_PROCESSING/4a_Method_1_HISAT2_Ref_Guided/5_stringtie_WD/All_Smel_Genes/SRR3884631/final/SRR3884631_All_Smel_Genes_ref_guided_final.gtf 4_POST_PROCESSING/4a_Method_1_HISAT2_Ref_Guided/4_HISAT2_WD/All_Smel_Genes/SRR3884631/SRR3884631_All_Smel_Genes_ref_guided_mapped_sorted.bam",17.4,100,7268,16.27,1.17,0,0,0
2025-11-22 03:09:12,"stringtie -p 16 -e -B -G 4_POST_PROCESSING/4a_Method_1_HISAT2_Ref_Guided/5_stringtie_WD/All_Smel_Genes/merged/All_Smel_Genes_ref_guided_merged.gtf -A 4_POST_PROCESSING/4a_Method_1_HISAT2_Ref_Guided/5_stringtie_WD/All_Smel_Genes/SRR3884642/final/SRR3884642_All_Smel_Genes_ref_guided_final_abundances.tsv -o 4_POST_PROCESSING/4a_Method_1_HISAT2_Ref_Guided/5_stringtie_WD/All_Smel_Genes/SRR3884642/final/SRR3884642_All_Smel_Genes_ref_guided_final.gtf 4_POST_PROCESSING/4a_Method_1_HISAT2_Ref_Guided/4_HISAT2_WD/All_Smel_Genes/SRR3884642/SRR3884642_All_Smel_Genes_ref_guided_mapped_sorted.bam",20.19,100,8300,19.75,0.47,0,0,0
2025-11-22 03:09:33,"stringtie -p 16 -e -B -G 4_POST_PROCESSING/4a_Method_1_HISAT2_Ref_Guided/5_stringtie_WD/All_Smel_Genes/merged/All_Smel_Genes_ref_guided_merged.gtf -A 4_POST_PROCESSING/4a_Method_1_HISAT2_Ref_Guided/5_stringtie_WD/All_Smel_Genes/SRR3884653/final/SRR3884653_All_Smel_Genes_ref_guided_final_abundances.tsv -o 4_POST_PROCESSING/4a_Method_1_HISAT2_Ref_Guided/5_stringtie_WD/All_Smel_Genes/SRR3884653/final/SRR3884653_All_Smel_Genes_ref_guided_final.gtf 4_POST_PROCESSING/4a_Method_1_HISAT2_Ref_Guided/4_HISAT2_WD/All_Smel_Genes/SRR3884653/SRR3884653_All_Smel_Genes_ref_guided_mapped_sorted.bam",17.2,100,7280,16.32,0.90,0,0,0
2025-11-22 03:09:51,"stringtie -p 16 -e -B -G 4_POST_PROCESSING/4a_Method_1_HISAT2_Ref_Guided/5_stringtie_WD/All_Smel_Genes/merged/All_Smel_Genes_ref_guided_merged.gtf -A 4_POST_PROCESSING/4a_Method_1_HISAT2_Ref_Guided/5_stringtie_WD/All_Smel_Genes/SRR3884664/final/SRR3884664_All_Smel_Genes_ref_guided_final_abundances.tsv -o 4_POST_PROCESSING/4a_Method_1_HISAT2_Ref_Guided/5_stringtie_WD/All_Smel_Genes/SRR3884664/final/SRR3884664_All_Smel_Genes_ref_guided_final.gtf 4_POST_PROCESSING/4a_Method_1_HISAT2_Ref_Guided/4_HISAT2_WD/All_Smel_Genes/SRR3884664/SRR3884664_All_Smel_Genes_ref_guided_mapped_sorted.bam",14.24,100,7292,13.87,0.39,0,0,0
2025-11-22 03:10:05,"stringtie -p 16 -e -B -G 4_POST_PROCESSING/4a_Method_1_HISAT2_Ref_Guided/5_stringtie_WD/All_Smel_Genes/merged/All_Smel_Genes_ref_guided_merged.gtf -A 4_POST_PROCESSING/4a_Method_1_HISAT2_Ref_Guided/5_stringtie_WD/All_Smel_Genes/SRR3884680/final/SRR3884680_All_Smel_Genes_ref_guided_final_abundances.tsv -o 4_POST_PROCESSING/4a_Method_1_HISAT2_Ref_Guided/5_stringtie_WD/All_Smel_Genes/SRR3884680/final/SRR3884680_All_Smel_Genes_ref_guided_final.gtf 4_POST_PROCESSING/4a_Method_1_HISAT2_Ref_Guided/4_HISAT2_WD/All_Smel_Genes/SRR3884680/SRR3884680_All_Smel_Genes_ref_guided_mapped_sorted.bam",16.27,100,8284,15.84,0.45,0,0,0
2025-11-22 03:10:22,"stringtie -p 16 -e -B -G 4_POST_PROCESSING/4a_Method_1_HISAT2_Ref_Guided/5_stringtie_WD/All_Smel_Genes/merged/All_Smel_Genes_ref_guided_merged.gtf -A 4_POST_PROCESSING/4a_Method_1_HISAT2_Ref_Guided/5_stringtie_WD/All_Smel_Genes/SRR3884681/final/SRR3884681_All_Smel_Genes_ref_guided_final_abundances.tsv -o 4_POST_PROCESSING/4a_Method_1_HISAT2_Ref_Guided/5_stringtie_WD/All_Smel_Genes/SRR3884681/final/SRR3884681_All_Smel_Genes_ref_guided_final.gtf 4_POST_PROCESSING/4a_Method_1_HISAT2_Ref_Guided/4_HISAT2_WD/All_Smel_Genes/SRR3884681/SRR3884681_All_Smel_Genes_ref_guided_mapped_sorted.bam",20.41,100,7232,19.38,1.05,0,0,0
2025-11-22 03:10:43,"stringtie -p 16 -e -B -G 4_POST_PROCESSING/4a_Method_1_HISAT2_Ref_Guided/5_stringtie_WD/All_Smel_Genes/merged/All_Smel_Genes_ref_guided_merged.gtf -A 4_POST_PROCESSING/4a_Method_1_HISAT2_Ref_Guided/5_stringtie_WD/All_Smel_Genes/SRR3884678/final/SRR3884678_All_Smel_Genes_ref_guided_final_abundances.tsv -o 4_POST_PROCESSING/4a_Method_1_HISAT2_Ref_Guided/5_stringtie_WD/All_Smel_Genes/SRR3884678/final/SRR3884678_All_Smel_Genes_ref_guided_final.gtf 4_POST_PROCESSING/4a_Method_1_HISAT2_Ref_Guided/4_HISAT2_WD/All_Smel_Genes/SRR3884678/SRR3884678_All_Smel_Genes_ref_guided_mapped_sorted.bam",22,100,8296,21.12,0.90,0,0,0
2025-11-22 03:11:06,"stringtie -p 16 -e -B -G 4_POST_PROCESSING/4a_Method_1_HISAT2_Ref_Guided/5_stringtie_WD/All_Smel_Genes/merged/All_Smel_Genes_ref_guided_merged.gtf -A 4_POST_PROCESSING/4a_Method_1_HISAT2_Ref_Guided/5_stringtie_WD/All_Smel_Genes/SRR20722234/final/SRR20722234_All_Smel_Genes_ref_guided_final_abundances.tsv -o 4_POST_PROCESSING/4a_Method_1_HISAT2_Ref_Guided/5_stringtie_WD/All_Smel_Genes/SRR20722234/final/SRR20722234_All_Smel_Genes_ref_guided_final.gtf 4_POST_PROCESSING/4a_Method_1_HISAT2_Ref_Guided/4_HISAT2_WD/All_Smel_Genes/SRR20722234/SRR20722234_All_Smel_Genes_ref_guided_mapped_sorted.bam",53.57,100,6288,51.99,1.58,0,0,0
2025-11-22 03:12:02,"stringtie -p 16 -e -B -G 4_POST_PROCESSING/4a_Method_1_HISAT2_Ref_Guided/5_stringtie_WD/All_Smel_Genes/merged/All_Smel_Genes_ref_guided_merged.gtf -A 4_POST_PROCESSING/4a_Method_1_HISAT2_Ref_Guided/5_stringtie_WD/All_Smel_Genes/SRR21010466/final/SRR21010466_All_Smel_Genes_ref_guided_final_abundances.tsv -o 4_POST_PROCESSING/4a_Method_1_HISAT2_Ref_Guided/5_stringtie_WD/All_Smel_Genes/SRR21010466/final/SRR21010466_All_Smel_Genes_ref_guided_final.gtf 4_POST_PROCESSING/4a_Method_1_HISAT2_Ref_Guided/4_HISAT2_WD/All_Smel_Genes/SRR21010466/SRR21010466_All_Smel_Genes_ref_guided_mapped_sorted.bam",17.54,100,6272,16.65,0.91,0,0,0
2025-11-22 03:12:20,"stringtie -p 16 -e -B -G 4_POST_PROCESSING/4a_Method_1_HISAT2_Ref_Guided/5_stringtie_WD/All_Smel_Genes/merged/All_Smel_Genes_ref_guided_merged.gtf -A 4_POST_PROCESSING/4a_Method_1_HISAT2_Ref_Guided/5_stringtie_WD/All_Smel_Genes/SRR20722233/final/SRR20722233_All_Smel_Genes_ref_guided_final_abundances.tsv -o 4_POST_PROCESSING/4a_Method_1_HISAT2_Ref_Guided/5_stringtie_WD/All_Smel_Genes/SRR20722233/final/SRR20722233_All_Smel_Genes_ref_guided_final.gtf 4_POST_PROCESSING/4a_Method_1_HISAT2_Ref_Guided/4_HISAT2_WD/All_Smel_Genes/SRR20722233/SRR20722233_All_Smel_Genes_ref_guided_mapped_sorted.bam",45.95,100,8308,44.05,1.94,0,0,0
2025-11-22 03:13:07,"stringtie -p 16 -e -B -G 4_POST_PROCESSING/4a_Method_1_HISAT2_Ref_Guided/5_stringtie_WD/All_Smel_Genes/merged/All_Smel_Genes_ref_guided_merged.gtf -A 4_POST_PROCESSING/4a_Method_1_HISAT2_Ref_Guided/5_stringtie_WD/All_Smel_Genes/SRR20722387/final/SRR20722387_All_Smel_Genes_ref_guided_final_abundances.tsv -o 4_POST_PROCESSING/4a_Method_1_HISAT2_Ref_Guided/5_stringtie_WD/All_Smel_Genes/SRR20722387/final/SRR20722387_All_Smel_Genes_ref_guided_final.gtf 4_POST_PROCESSING/4a_Method_1_HISAT2_Ref_Guided/4_HISAT2_WD/All_Smel_Genes/SRR20722387/SRR20722387_All_Smel_Genes_ref_guided_mapped_sorted.bam",58.57,99,8276,55.94,2.63,0,0,0
2025-11-22 03:14:08,"stringtie -p 16 -e -B -G 4_POST_PROCESSING/4a_Method_1_HISAT2_Ref_Guided/5_stringtie_WD/All_Smel_Genes/merged/All_Smel_Genes_ref_guided_merged.gtf -A 4_POST_PROCESSING/4a_Method_1_HISAT2_Ref_Guided/5_stringtie_WD/All_Smel_Genes/SRR23909863/final/SRR23909863_All_Smel_Genes_ref_guided_final_abundances.tsv -o 4_POST_PROCESSING/4a_Method_1_HISAT2_Ref_Guided/5_stringtie_WD/All_Smel_Genes/SRR23909863/final/SRR23909863_All_Smel_Genes_ref_guided_final.gtf 4_POST_PROCESSING/4a_Method_1_HISAT2_Ref_Guided/4_HISAT2_WD/All_Smel_Genes/SRR23909863/SRR23909863_All_Smel_Genes_ref_guided_mapped_sorted.bam",20.41,100,7260,19.42,1.01,0,0,0
2025-11-22 03:14:29,"stringtie -p 16 -e -B -G 4_POST_PROCESSING/4a_Method_1_HISAT2_Ref_Guided/5_stringtie_WD/All_Smel_Genes/merged/All_Smel_Genes_ref_guided_merged.gtf -A 4_POST_PROCESSING/4a_Method_1_HISAT2_Ref_Guided/5_stringtie_WD/All_Smel_Genes/SRR20722297/final/SRR20722297_All_Smel_Genes_ref_guided_final_abundances.tsv -o 4_POST_PROCESSING/4a_Method_1_HISAT2_Ref_Guided/5_stringtie_WD/All_Smel_Genes/SRR20722297/final/SRR20722297_All_Smel_Genes_ref_guided_final.gtf 4_POST_PROCESSING/4a_Method_1_HISAT2_Ref_Guided/4_HISAT2_WD/All_Smel_Genes/SRR20722297/SRR20722297_All_Smel_Genes_ref_guided_mapped_sorted.bam",50.21,100,8292,48.66,1.61,0,0,0
2025-11-22 03:15:20,"stringtie -p 16 -e -B -G 4_POST_PROCESSING/4a_Method_1_HISAT2_Ref_Guided/5_stringtie_WD/All_Smel_Genes/merged/All_Smel_Genes_ref_guided_merged.gtf -A 4_POST_PROCESSING/4a_Method_1_HISAT2_Ref_Guided/5_stringtie_WD/All_Smel_Genes/SRR20722296/final/SRR20722296_All_Smel_Genes_ref_guided_final_abundances.tsv -o 4_POST_PROCESSING/4a_Method_1_HISAT2_Ref_Guided/5_stringtie_WD/All_Smel_Genes/SRR20722296/final/SRR20722296_All_Smel_Genes_ref_guided_final.gtf 4_POST_PROCESSING/4a_Method_1_HISAT2_Ref_Guided/4_HISAT2_WD/All_Smel_Genes/SRR20722296/SRR20722296_All_Smel_Genes_ref_guided_mapped_sorted.bam",25.62,100,7300,24.94,0.72,0,0,0
2025-11-22 03:15:47,"stringtie -p 16 -e -B -G 4_POST_PROCESSING/4a_Method_1_HISAT2_Ref_Guided/5_stringtie_WD/All_Smel_Genes/merged/All_Smel_Genes_ref_guided_merged.gtf -A 4_POST_PROCESSING/4a_Method_1_HISAT2_Ref_Guided/5_stringtie_WD/All_Smel_Genes/SRR20722384/final/SRR20722384_All_Smel_Genes_ref_guided_final_abundances.tsv -o 4_POST_PROCESSING/4a_Method_1_HISAT2_Ref_Guided/5_stringtie_WD/All_Smel_Genes/SRR20722384/final/SRR20722384_All_Smel_Genes_ref_guided_final.gtf 4_POST_PROCESSING/4a_Method_1_HISAT2_Ref_Guided/4_HISAT2_WD/All_Smel_Genes/SRR20722384/SRR20722384_All_Smel_Genes_ref_guided_mapped_sorted.bam",62.35,100,9328,59.53,2.84,0,0,0
2025-11-22 03:16:51,"stringtie -p 16 -e -B -G 4_POST_PROCESSING/4a_Method_1_HISAT2_Ref_Guided/5_stringtie_WD/All_Smel_Genes/merged/All_Smel_Genes_ref_guided_merged.gtf -A 4_POST_PROCESSING/4a_Method_1_HISAT2_Ref_Guided/5_stringtie_WD/All_Smel_Genes/SRR31755282/final/SRR31755282_All_Smel_Genes_ref_guided_final_abundances.tsv -o 4_POST_PROCESSING/4a_Method_1_HISAT2_Ref_Guided/5_stringtie_WD/All_Smel_Genes/SRR31755282/final/SRR31755282_All_Smel_Genes_ref_guided_final.gtf 4_POST_PROCESSING/4a_Method_1_HISAT2_Ref_Guided/4_HISAT2_WD/All_Smel_Genes/SRR31755282/SRR31755282_All_Smel_Genes_ref_guided_mapped_sorted.bam",16.82,100,6288,16.30,0.54,0,0,0
2025-11-22 03:21:47,"stringtie -p 16 4_POST_PROCESSING/4b_Method_2_HISAT2_De_Novo/4_HISAT2_WD/All_Smel_Genes/SRR3884685/SRR3884685_All_Smel_Genes_trimmed_mapped_sorted.bam -o 4_POST_PROCESSING/4b_Method_2_HISAT2_De_Novo/5_stringtie_WD/All_Smel_Genes/SRR3884685/SRR3884685_All_Smel_Genes_trimmed_mapped_sorted_stringtie_assembled_de_novo.gtf -A 4_POST_PROCESSING/4b_Method_2_HISAT2_De_Novo/5_stringtie_WD/All_Smel_Genes/SRR3884685/SRR3884685_All_Smel_Genes_gene_abundances_de_novo.tsv",15.54,100,8256,14.83,0.72,2681.09,.01,0
2025-11-22 03:26:41,"stringtie -p 16 4_POST_PROCESSING/4b_Method_2_HISAT2_De_Novo/4_HISAT2_WD/All_Smel_Genes/SRR3884677/SRR3884677_All_Smel_Genes_trimmed_mapped_sorted.bam -o 4_POST_PROCESSING/4b_Method_2_HISAT2_De_Novo/5_stringtie_WD/All_Smel_Genes/SRR3884677/SRR3884677_All_Smel_Genes_trimmed_mapped_sorted_stringtie_assembled_de_novo.gtf -A 4_POST_PROCESSING/4b_Method_2_HISAT2_De_Novo/5_stringtie_WD/All_Smel_Genes/SRR3884677/SRR3884677_All_Smel_Genes_gene_abundances_de_novo.tsv",21.65,100,29764,20.81,0.91,2734.80,.01,0
2025-11-22 03:32:08,"stringtie -p 16 4_POST_PROCESSING/4b_Method_2_HISAT2_De_Novo/4_HISAT2_WD/All_Smel_Genes/SRR3884675/SRR3884675_All_Smel_Genes_trimmed_mapped_sorted.bam -o 4_POST_PROCESSING/4b_Method_2_HISAT2_De_Novo/5_stringtie_WD/All_Smel_Genes/SRR3884675/SRR3884675_All_Smel_Genes_trimmed_mapped_sorted_stringtie_assembled_de_novo.gtf -A 4_POST_PROCESSING/4b_Method_2_HISAT2_De_Novo/5_stringtie_WD/All_Smel_Genes/SRR3884675/SRR3884675_All_Smel_Genes_gene_abundances_de_novo.tsv",18.01,100,9280,16.75,1.29,3087.16,.01,0
2025-11-22 03:35:48,"stringtie -p 16 4_POST_PROCESSING/4b_Method_2_HISAT2_De_Novo/4_HISAT2_WD/All_Smel_Genes/SRR3884690/SRR3884690_All_Smel_Genes_trimmed_mapped_sorted.bam -o 4_POST_PROCESSING/4b_Method_2_HISAT2_De_Novo/5_stringtie_WD/All_Smel_Genes/SRR3884690/SRR3884690_All_Smel_Genes_trimmed_mapped_sorted_stringtie_assembled_de_novo.gtf -A 4_POST_PROCESSING/4b_Method_2_HISAT2_De_Novo/5_stringtie_WD/All_Smel_Genes/SRR3884690/SRR3884690_All_Smel_Genes_gene_abundances_de_novo.tsv",11.07,100,7296,10.79,0.32,1985.05,.01,0
2025-11-22 03:38:40,"stringtie -p 16 4_POST_PROCESSING/4b_Method_2_HISAT2_De_Novo/4_HISAT2_WD/All_Smel_Genes/SRR3884689/SRR3884689_All_Smel_Genes_trimmed_mapped_sorted.bam -o 4_POST_PROCESSING/4b_Method_2_HISAT2_De_Novo/5_stringtie_WD/All_Smel_Genes/SRR3884689/SRR3884689_All_Smel_Genes_trimmed_mapped_sorted_stringtie_assembled_de_novo.gtf -A 4_POST_PROCESSING/4b_Method_2_HISAT2_De_Novo/5_stringtie_WD/All_Smel_Genes/SRR3884689/SRR3884689_All_Smel_Genes_gene_abundances_de_novo.tsv",9.54,100,8332,9.30,0.27,1436.03,.01,0
2025-11-22 03:42:36,"stringtie -p 16 4_POST_PROCESSING/4b_Method_2_HISAT2_De_Novo/4_HISAT2_WD/All_Smel_Genes/SRR3884684/SRR3884684_All_Smel_Genes_trimmed_mapped_sorted.bam -o 4_POST_PROCESSING/4b_Method_2_HISAT2_De_Novo/5_stringtie_WD/All_Smel_Genes/SRR3884684/SRR3884684_All_Smel_Genes_trimmed_mapped_sorted_stringtie_assembled_de_novo.gtf -A 4_POST_PROCESSING/4b_Method_2_HISAT2_De_Novo/5_stringtie_WD/All_Smel_Genes/SRR3884684/SRR3884684_All_Smel_Genes_gene_abundances_de_novo.tsv",12.61,100,7260,12.23,0.40,2255.39,.01,0
2025-11-22 03:46:12,"stringtie -p 16 4_POST_PROCESSING/4b_Method_2_HISAT2_De_Novo/4_HISAT2_WD/All_Smel_Genes/SRR3884686/SRR3884686_All_Smel_Genes_trimmed_mapped_sorted.bam -o 4_POST_PROCESSING/4b_Method_2_HISAT2_De_Novo/5_stringtie_WD/All_Smel_Genes/SRR3884686/SRR3884686_All_Smel_Genes_trimmed_mapped_sorted_stringtie_assembled_de_novo.gtf -A 4_POST_PROCESSING/4b_Method_2_HISAT2_De_Novo/5_stringtie_WD/All_Smel_Genes/SRR3884686/SRR3884686_All_Smel_Genes_gene_abundances_de_novo.tsv",14.14,100,6288,13.54,0.65,2482.17,.02,0
2025-11-22 03:49:09,"stringtie -p 16 4_POST_PROCESSING/4b_Method_2_HISAT2_De_Novo/4_HISAT2_WD/All_Smel_Genes/SRR3884687/SRR3884687_All_Smel_Genes_trimmed_mapped_sorted.bam -o 4_POST_PROCESSING/4b_Method_2_HISAT2_De_Novo/5_stringtie_WD/All_Smel_Genes/SRR3884687/SRR3884687_All_Smel_Genes_trimmed_mapped_sorted_stringtie_assembled_de_novo.gtf -A 4_POST_PROCESSING/4b_Method_2_HISAT2_De_Novo/5_stringtie_WD/All_Smel_Genes/SRR3884687/SRR3884687_All_Smel_Genes_gene_abundances_de_novo.tsv",9.11,100,5232,8.90,0.25,1627.34,.02,0
2025-11-22 03:53:41,"stringtie -p 16 4_POST_PROCESSING/4b_Method_2_HISAT2_De_Novo/4_HISAT2_WD/All_Smel_Genes/SRR3884597/SRR3884597_All_Smel_Genes_trimmed_mapped_sorted.bam -o 4_POST_PROCESSING/4b_Method_2_HISAT2_De_Novo/5_stringtie_WD/All_Smel_Genes/SRR3884597/SRR3884597_All_Smel_Genes_trimmed_mapped_sorted_stringtie_assembled_de_novo.gtf -A 4_POST_PROCESSING/4b_Method_2_HISAT2_De_Novo/5_stringtie_WD/All_Smel_Genes/SRR3884597/SRR3884597_All_Smel_Genes_gene_abundances_de_novo.tsv",15.23,100,7252,14.47,0.79,2590.80,.01,0
2025-11-22 03:56:51,"stringtie -p 16 4_POST_PROCESSING/4b_Method_2_HISAT2_De_Novo/4_HISAT2_WD/All_Smel_Genes/SRR3884679/SRR3884679_All_Smel_Genes_trimmed_mapped_sorted.bam -o 4_POST_PROCESSING/4b_Method_2_HISAT2_De_Novo/5_stringtie_WD/All_Smel_Genes/SRR3884679/SRR3884679_All_Smel_Genes_trimmed_mapped_sorted_stringtie_assembled_de_novo.gtf -A 4_POST_PROCESSING/4b_Method_2_HISAT2_De_Novo/5_stringtie_WD/All_Smel_Genes/SRR3884679/SRR3884679_All_Smel_Genes_gene_abundances_de_novo.tsv",10.23,100,7308,9.65,0.62,1761.10,.01,0
2025-11-22 04:02:59,"stringtie -p 16 4_POST_PROCESSING/4b_Method_2_HISAT2_De_Novo/4_HISAT2_WD/All_Smel_Genes/SRR3884608/SRR3884608_All_Smel_Genes_trimmed_mapped_sorted.bam -o 4_POST_PROCESSING/4b_Method_2_HISAT2_De_Novo/5_stringtie_WD/All_Smel_Genes/SRR3884608/SRR3884608_All_Smel_Genes_trimmed_mapped_sorted_stringtie_assembled_de_novo.gtf -A 4_POST_PROCESSING/4b_Method_2_HISAT2_De_Novo/5_stringtie_WD/All_Smel_Genes/SRR3884608/SRR3884608_All_Smel_Genes_gene_abundances_de_novo.tsv",20.08,100,7284,19.19,0.93,3533.67,.02,0
2025-11-22 04:06:55,"stringtie -p 16 4_POST_PROCESSING/4b_Method_2_HISAT2_De_Novo/4_HISAT2_WD/All_Smel_Genes/SRR3884620/SRR3884620_All_Smel_Genes_trimmed_mapped_sorted.bam -o 4_POST_PROCESSING/4b_Method_2_HISAT2_De_Novo/5_stringtie_WD/All_Smel_Genes/SRR3884620/SRR3884620_All_Smel_Genes_trimmed_mapped_sorted_stringtie_assembled_de_novo.gtf -A 4_POST_PROCESSING/4b_Method_2_HISAT2_De_Novo/5_stringtie_WD/All_Smel_Genes/SRR3884620/SRR3884620_All_Smel_Genes_gene_abundances_de_novo.tsv",15.55,100,8344,15.21,0.39,2737.25,.01,0
2025-11-22 04:12:07,"stringtie -p 16 4_POST_PROCESSING/4b_Method_2_HISAT2_De_Novo/4_HISAT2_WD/All_Smel_Genes/SRR3884631/SRR3884631_All_Smel_Genes_trimmed_mapped_sorted.bam -o 4_POST_PROCESSING/4b_Method_2_HISAT2_De_Novo/5_stringtie_WD/All_Smel_Genes/SRR3884631/SRR3884631_All_Smel_Genes_trimmed_mapped_sorted_stringtie_assembled_de_novo.gtf -A 4_POST_PROCESSING/4b_Method_2_HISAT2_De_Novo/5_stringtie_WD/All_Smel_Genes/SRR3884631/SRR3884631_All_Smel_Genes_gene_abundances_de_novo.tsv",16.64,100,7296,16.17,0.52,2992.88,.01,0
2025-11-22 04:18:31,"stringtie -p 16 4_POST_PROCESSING/4b_Method_2_HISAT2_De_Novo/4_HISAT2_WD/All_Smel_Genes/SRR3884642/SRR3884642_All_Smel_Genes_trimmed_mapped_sorted.bam -o 4_POST_PROCESSING/4b_Method_2_HISAT2_De_Novo/5_stringtie_WD/All_Smel_Genes/SRR3884642/SRR3884642_All_Smel_Genes_trimmed_mapped_sorted_stringtie_assembled_de_novo.gtf -A 4_POST_PROCESSING/4b_Method_2_HISAT2_De_Novo/5_stringtie_WD/All_Smel_Genes/SRR3884642/SRR3884642_All_Smel_Genes_gene_abundances_de_novo.tsv",20.58,100,8304,19.74,0.89,3623.55,.01,0
2025-11-22 04:23:53,"stringtie -p 16 4_POST_PROCESSING/4b_Method_2_HISAT2_De_Novo/4_HISAT2_WD/All_Smel_Genes/SRR3884653/SRR3884653_All_Smel_Genes_trimmed_mapped_sorted.bam -o 4_POST_PROCESSING/4b_Method_2_HISAT2_De_Novo/5_stringtie_WD/All_Smel_Genes/SRR3884653/SRR3884653_All_Smel_Genes_trimmed_mapped_sorted_stringtie_assembled_de_novo.gtf -A 4_POST_PROCESSING/4b_Method_2_HISAT2_De_Novo/5_stringtie_WD/All_Smel_Genes/SRR3884653/SRR3884653_All_Smel_Genes_gene_abundances_de_novo.tsv",17.46,100,7272,16.36,1.13,3026.16,.01,0
2025-11-22 04:28:30,"stringtie -p 16 4_POST_PROCESSING/4b_Method_2_HISAT2_De_Novo/4_HISAT2_WD/All_Smel_Genes/SRR3884664/SRR3884664_All_Smel_Genes_trimmed_mapped_sorted.bam -o 4_POST_PROCESSING/4b_Method_2_HISAT2_De_Novo/5_stringtie_WD/All_Smel_Genes/SRR3884664/SRR3884664_All_Smel_Genes_trimmed_mapped_sorted_stringtie_assembled_de_novo.gtf -A 4_POST_PROCESSING/4b_Method_2_HISAT2_De_Novo/5_stringtie_WD/All_Smel_Genes/SRR3884664/SRR3884664_All_Smel_Genes_gene_abundances_de_novo.tsv",14.73,100,7244,14.33,0.42,2511.02,.01,0
2025-11-22 04:33:25,"stringtie -p 16 4_POST_PROCESSING/4b_Method_2_HISAT2_De_Novo/4_HISAT2_WD/All_Smel_Genes/SRR3884680/SRR3884680_All_Smel_Genes_trimmed_mapped_sorted.bam -o 4_POST_PROCESSING/4b_Method_2_HISAT2_De_Novo/5_stringtie_WD/All_Smel_Genes/SRR3884680/SRR3884680_All_Smel_Genes_trimmed_mapped_sorted_stringtie_assembled_de_novo.gtf -A 4_POST_PROCESSING/4b_Method_2_HISAT2_De_Novo/5_stringtie_WD/All_Smel_Genes/SRR3884680/SRR3884680_All_Smel_Genes_gene_abundances_de_novo.tsv",16.24,100,7324,15.59,0.68,2925.09,.01,0
2025-11-22 04:39:31,"stringtie -p 16 4_POST_PROCESSING/4b_Method_2_HISAT2_De_Novo/4_HISAT2_WD/All_Smel_Genes/SRR3884681/SRR3884681_All_Smel_Genes_trimmed_mapped_sorted.bam -o 4_POST_PROCESSING/4b_Method_2_HISAT2_De_Novo/5_stringtie_WD/All_Smel_Genes/SRR3884681/SRR3884681_All_Smel_Genes_trimmed_mapped_sorted_stringtie_assembled_de_novo.gtf -A 4_POST_PROCESSING/4b_Method_2_HISAT2_De_Novo/5_stringtie_WD/All_Smel_Genes/SRR3884681/SRR3884681_All_Smel_Genes_gene_abundances_de_novo.tsv",19.86,100,8268,19.28,0.61,3591.34,.01,0
2025-11-22 04:45:07,"stringtie -p 16 4_POST_PROCESSING/4b_Method_2_HISAT2_De_Novo/4_HISAT2_WD/All_Smel_Genes/SRR3884678/SRR3884678_All_Smel_Genes_trimmed_mapped_sorted.bam -o 4_POST_PROCESSING/4b_Method_2_HISAT2_De_Novo/5_stringtie_WD/All_Smel_Genes/SRR3884678/SRR3884678_All_Smel_Genes_trimmed_mapped_sorted_stringtie_assembled_de_novo.gtf -A 4_POST_PROCESSING/4b_Method_2_HISAT2_De_Novo/5_stringtie_WD/All_Smel_Genes/SRR3884678/SRR3884678_All_Smel_Genes_gene_abundances_de_novo.tsv",21.39,100,7280,20.61,0.81,3771.75,.01,0
2025-11-22 04:58:29,"stringtie -p 16 4_POST_PROCESSING/4b_Method_2_HISAT2_De_Novo/4_HISAT2_WD/All_Smel_Genes/SRR20722234/SRR20722234_All_Smel_Genes_trimmed_mapped_sorted.bam -o 4_POST_PROCESSING/4b_Method_2_HISAT2_De_Novo/5_stringtie_WD/All_Smel_Genes/SRR20722234/SRR20722234_All_Smel_Genes_trimmed_mapped_sorted_stringtie_assembled_de_novo.gtf -A 4_POST_PROCESSING/4b_Method_2_HISAT2_De_Novo/5_stringtie_WD/All_Smel_Genes/SRR20722234/SRR20722234_All_Smel_Genes_gene_abundances_de_novo.tsv",53.61,100,6252,52.41,1.21,9473.28,.01,0
2025-11-22 05:04:45,"stringtie -p 16 4_POST_PROCESSING/4b_Method_2_HISAT2_De_Novo/4_HISAT2_WD/All_Smel_Genes/SRR21010466/SRR21010466_All_Smel_Genes_trimmed_mapped_sorted.bam -o 4_POST_PROCESSING/4b_Method_2_HISAT2_De_Novo/5_stringtie_WD/All_Smel_Genes/SRR21010466/SRR21010466_All_Smel_Genes_trimmed_mapped_sorted_stringtie_assembled_de_novo.gtf -A 4_POST_PROCESSING/4b_Method_2_HISAT2_De_Novo/5_stringtie_WD/All_Smel_Genes/SRR21010466/SRR21010466_All_Smel_Genes_gene_abundances_de_novo.tsv",16.9,100,6268,16.49,0.44,2535.10,.01,0
2025-11-22 05:15:08,"stringtie -p 16 4_POST_PROCESSING/4b_Method_2_HISAT2_De_Novo/4_HISAT2_WD/All_Smel_Genes/SRR20722233/SRR20722233_All_Smel_Genes_trimmed_mapped_sorted.bam -o 4_POST_PROCESSING/4b_Method_2_HISAT2_De_Novo/5_stringtie_WD/All_Smel_Genes/SRR20722233/SRR20722233_All_Smel_Genes_trimmed_mapped_sorted_stringtie_assembled_de_novo.gtf -A 4_POST_PROCESSING/4b_Method_2_HISAT2_De_Novo/5_stringtie_WD/All_Smel_Genes/SRR20722233/SRR20722233_All_Smel_Genes_gene_abundances_de_novo.tsv",46.75,100,7260,43.77,3.00,8407.96,.02,0
2025-11-22 05:29:00,"stringtie -p 16 4_POST_PROCESSING/4b_Method_2_HISAT2_De_Novo/4_HISAT2_WD/All_Smel_Genes/SRR20722387/SRR20722387_All_Smel_Genes_trimmed_mapped_sorted.bam -o 4_POST_PROCESSING/4b_Method_2_HISAT2_De_Novo/5_stringtie_WD/All_Smel_Genes/SRR20722387/SRR20722387_All_Smel_Genes_trimmed_mapped_sorted_stringtie_assembled_de_novo.gtf -A 4_POST_PROCESSING/4b_Method_2_HISAT2_De_Novo/5_stringtie_WD/All_Smel_Genes/SRR20722387/SRR20722387_All_Smel_Genes_gene_abundances_de_novo.tsv",57.31,100,8316,55.97,1.36,10570.26,.01,0
2025-11-22 05:37:24,"stringtie -p 16 4_POST_PROCESSING/4b_Method_2_HISAT2_De_Novo/4_HISAT2_WD/All_Smel_Genes/SRR23909863/SRR23909863_All_Smel_Genes_trimmed_mapped_sorted.bam -o 4_POST_PROCESSING/4b_Method_2_HISAT2_De_Novo/5_stringtie_WD/All_Smel_Genes/SRR23909863/SRR23909863_All_Smel_Genes_trimmed_mapped_sorted_stringtie_assembled_de_novo.gtf -A 4_POST_PROCESSING/4b_Method_2_HISAT2_De_Novo/5_stringtie_WD/All_Smel_Genes/SRR23909863/SRR23909863_All_Smel_Genes_gene_abundances_de_novo.tsv",19.71,100,7288,19.18,0.56,2889.74,.02,0
2025-11-22 05:50:24,"stringtie -p 16 4_POST_PROCESSING/4b_Method_2_HISAT2_De_Novo/4_HISAT2_WD/All_Smel_Genes/SRR20722297/SRR20722297_All_Smel_Genes_trimmed_mapped_sorted.bam -o 4_POST_PROCESSING/4b_Method_2_HISAT2_De_Novo/5_stringtie_WD/All_Smel_Genes/SRR20722297/SRR20722297_All_Smel_Genes_trimmed_mapped_sorted_stringtie_assembled_de_novo.gtf -A 4_POST_PROCESSING/4b_Method_2_HISAT2_De_Novo/5_stringtie_WD/All_Smel_Genes/SRR20722297/SRR20722297_All_Smel_Genes_gene_abundances_de_novo.tsv",49.55,100,8304,48.32,1.28,8473.71,.02,0
2025-11-22 05:57:52,"stringtie -p 16 4_POST_PROCESSING/4b_Method_2_HISAT2_De_Novo/4_HISAT2_WD/All_Smel_Genes/SRR20722296/SRR20722296_All_Smel_Genes_trimmed_mapped_sorted.bam -o 4_POST_PROCESSING/4b_Method_2_HISAT2_De_Novo/5_stringtie_WD/All_Smel_Genes/SRR20722296/SRR20722296_All_Smel_Genes_trimmed_mapped_sorted_stringtie_assembled_de_novo.gtf -A 4_POST_PROCESSING/4b_Method_2_HISAT2_De_Novo/5_stringtie_WD/All_Smel_Genes/SRR20722296/SRR20722296_All_Smel_Genes_gene_abundances_de_novo.tsv",25.29,100,7256,24.57,0.76,4340.87,.02,0
2025-11-22 06:11:39,"stringtie -p 16 4_POST_PROCESSING/4b_Method_2_HISAT2_De_Novo/4_HISAT2_WD/All_Smel_Genes/SRR20722384/SRR20722384_All_Smel_Genes_trimmed_mapped_sorted.bam -o 4_POST_PROCESSING/4b_Method_2_HISAT2_De_Novo/5_stringtie_WD/All_Smel_Genes/SRR20722384/SRR20722384_All_Smel_Genes_trimmed_mapped_sorted_stringtie_assembled_de_novo.gtf -A 4_POST_PROCESSING/4b_Method_2_HISAT2_De_Novo/5_stringtie_WD/All_Smel_Genes/SRR20722384/SRR20722384_All_Smel_Genes_gene_abundances_de_novo.tsv",61.75,100,8304,60.32,1.46,11272.53,.01,0
2025-11-22 06:19:35,"stringtie -p 16 4_POST_PROCESSING/4b_Method_2_HISAT2_De_Novo/4_HISAT2_WD/All_Smel_Genes/SRR31755282/SRR31755282_All_Smel_Genes_trimmed_mapped_sorted.bam -o 4_POST_PROCESSING/4b_Method_2_HISAT2_De_Novo/5_stringtie_WD/All_Smel_Genes/SRR31755282/SRR31755282_All_Smel_Genes_trimmed_mapped_sorted_stringtie_assembled_de_novo.gtf -A 4_POST_PROCESSING/4b_Method_2_HISAT2_De_Novo/5_stringtie_WD/All_Smel_Genes/SRR31755282/SRR31755282_All_Smel_Genes_gene_abundances_de_novo.tsv",17.07,100,6256,15.95,1.14,2224.88,.02,0
2025-12-07 17:12:05,"stringtie -p 32 4_POST_PROCESSING/4b_Method_2_HISAT2_De_Novo/4_HISAT2_WD/Eggplant_V4.1_transcripts.function/SRR3884686/SRR3884686_Eggplant_V4.1_transcripts.function_trimmed_mapped_sorted.bam -o 4_POST_PROCESSING/4b_Method_2_HISAT2_De_Novo/5_stringtie_WD/Eggplant_V4.1_transcripts.function/SRR3884686/SRR3884686_Eggplant_V4.1_transcripts.function_trimmed_mapped_sorted_stringtie_assembled_de_novo.gtf -A 4_POST_PROCESSING/4b_Method_2_HISAT2_De_Novo/5_stringtie_WD/Eggplant_V4.1_transcripts.function/SRR3884686/SRR3884686_Eggplant_V4.1_transcripts.function_gene_abundances_de_novo.tsv",40.82,136,19616,49.20,6.70,2244.89,7.86,0
2025-12-07 17:15:09,"stringtie -p 32 4_POST_PROCESSING/4b_Method_2_HISAT2_De_Novo/4_HISAT2_WD/Eggplant_V4.1_transcripts.function/SRR3884687/SRR3884687_Eggplant_V4.1_transcripts.function_trimmed_mapped_sorted.bam -o 4_POST_PROCESSING/4b_Method_2_HISAT2_De_Novo/5_stringtie_WD/Eggplant_V4.1_transcripts.function/SRR3884687/SRR3884687_Eggplant_V4.1_transcripts.function_trimmed_mapped_sorted_stringtie_assembled_de_novo.gtf -A 4_POST_PROCESSING/4b_Method_2_HISAT2_De_Novo/5_stringtie_WD/Eggplant_V4.1_transcripts.function/SRR3884687/SRR3884687_Eggplant_V4.1_transcripts.function_gene_abundances_de_novo.tsv",27.51,139,14412,32.96,5.35,1539.02,7.40,0
2025-12-07 17:19:15,"stringtie -p 32 4_POST_PROCESSING/4b_Method_2_HISAT2_De_Novo/4_HISAT2_WD/Eggplant_V4.1_transcripts.function/SRR3884597/SRR3884597_Eggplant_V4.1_transcripts.function_trimmed_mapped_sorted.bam -o 4_POST_PROCESSING/4b_Method_2_HISAT2_De_Novo/5_stringtie_WD/Eggplant_V4.1_transcripts.function/SRR3884597/SRR3884597_Eggplant_V4.1_transcripts.function_trimmed_mapped_sorted_stringtie_assembled_de_novo.gtf -A 4_POST_PROCESSING/4b_Method_2_HISAT2_De_Novo/5_stringtie_WD/Eggplant_V4.1_transcripts.function/SRR3884597/SRR3884597_Eggplant_V4.1_transcripts.function_gene_abundances_de_novo.tsv",37.88,132,14420,43.97,6.10,2298.15,7.99,0
2025-12-07 17:30:28,"stringtie -p 64 4_POST_PROCESSING/4b_Method_2_HISAT2_De_Novo/4_HISAT2_WD/Eggplant_V4.1_transcripts.function/SRR3884685/SRR3884685_Eggplant_V4.1_transcripts.function_trimmed_mapped_sorted.bam -o 4_POST_PROCESSING/4b_Method_2_HISAT2_De_Novo/5_stringtie_WD/Eggplant_V4.1_transcripts.function/SRR3884685/SRR3884685_Eggplant_V4.1_transcripts.function_trimmed_mapped_sorted_stringtie_assembled_de_novo.gtf -A 4_POST_PROCESSING/4b_Method_2_HISAT2_De_Novo/5_stringtie_WD/Eggplant_V4.1_transcripts.function/SRR3884685/SRR3884685_Eggplant_V4.1_transcripts.function_gene_abundances_de_novo.tsv",52.83,112,53332,54.93,4.73,3031.19,7.72,0
2025-12-07 17:43:26,"stringtie -p 32 4_POST_PROCESSING/4b_Method_2_HISAT2_De_Novo/4_HISAT2_WD/Eggplant_V4.1_transcripts.function/SRR3884685/SRR3884685_Eggplant_V4.1_transcripts.function_trimmed_mapped_sorted.bam -o 4_POST_PROCESSING/4b_Method_2_HISAT2_De_Novo/5_stringtie_WD/Eggplant_V4.1_transcripts.function/SRR3884685/SRR3884685_Eggplant_V4.1_transcripts.function_trimmed_mapped_sorted_stringtie_assembled_de_novo.gtf -A 4_POST_PROCESSING/4b_Method_2_HISAT2_De_Novo/5_stringtie_WD/Eggplant_V4.1_transcripts.function/SRR3884685/SRR3884685_Eggplant_V4.1_transcripts.function_gene_abundances_de_novo.tsv",53.27,112,40056,55.90,4.16,3031.14,7.72,0
2025-12-07 17:48:20,"stringtie -p 32 4_POST_PROCESSING/4b_Method_2_HISAT2_De_Novo/4_HISAT2_WD/Eggplant_V4.1_transcripts.function/SRR3884677/SRR3884677_Eggplant_V4.1_transcripts.function_trimmed_mapped_sorted.bam -o 4_POST_PROCESSING/4b_Method_2_HISAT2_De_Novo/5_stringtie_WD/Eggplant_V4.1_transcripts.function/SRR3884677/SRR3884677_Eggplant_V4.1_transcripts.function_trimmed_mapped_sorted_stringtie_assembled_de_novo.gtf -A 4_POST_PROCESSING/4b_Method_2_HISAT2_De_Novo/5_stringtie_WD/Eggplant_V4.1_transcripts.function/SRR3884677/SRR3884677_Eggplant_V4.1_transcripts.function_gene_abundances_de_novo.tsv",46.28,125,27784,52.96,5.00,2294.62,6.86,0
2025-12-07 17:53:42,"stringtie -p 32 4_POST_PROCESSING/4b_Method_2_HISAT2_De_Novo/4_HISAT2_WD/Eggplant_V4.1_transcripts.function/SRR3884675/SRR3884675_Eggplant_V4.1_transcripts.function_trimmed_mapped_sorted.bam -o 4_POST_PROCESSING/4b_Method_2_HISAT2_De_Novo/5_stringtie_WD/Eggplant_V4.1_transcripts.function/SRR3884675/SRR3884675_Eggplant_V4.1_transcripts.function_trimmed_mapped_sorted_stringtie_assembled_de_novo.gtf -A 4_POST_PROCESSING/4b_Method_2_HISAT2_De_Novo/5_stringtie_WD/Eggplant_V4.1_transcripts.function/SRR3884675/SRR3884675_Eggplant_V4.1_transcripts.function_gene_abundances_de_novo.tsv",47.97,136,28760,57.12,8.38,2747.08,8.05,0
2025-12-07 17:57:21,"stringtie -p 32 4_POST_PROCESSING/4b_Method_2_HISAT2_De_Novo/4_HISAT2_WD/Eggplant_V4.1_transcripts.function/SRR3884690/SRR3884690_Eggplant_V4.1_transcripts.function_trimmed_mapped_sorted.bam -o 4_POST_PROCESSING/4b_Method_2_HISAT2_De_Novo/5_stringtie_WD/Eggplant_V4.1_transcripts.function/SRR3884690/SRR3884690_Eggplant_V4.1_transcripts.function_trimmed_mapped_sorted_stringtie_assembled_de_novo.gtf -A 4_POST_PROCESSING/4b_Method_2_HISAT2_De_Novo/5_stringtie_WD/Eggplant_V4.1_transcripts.function/SRR3884690/SRR3884690_Eggplant_V4.1_transcripts.function_gene_abundances_de_novo.tsv",33.7,146,15452,42.31,7.11,1794.44,7.80,0
2025-12-07 18:00:47,"stringtie -p 32 4_POST_PROCESSING/4b_Method_2_HISAT2_De_Novo/4_HISAT2_WD/Eggplant_V4.1_transcripts.function/SRR3884689/SRR3884689_Eggplant_V4.1_transcripts.function_trimmed_mapped_sorted.bam -o 4_POST_PROCESSING/4b_Method_2_HISAT2_De_Novo/5_stringtie_WD/Eggplant_V4.1_transcripts.function/SRR3884689/SRR3884689_Eggplant_V4.1_transcripts.function_trimmed_mapped_sorted_stringtie_assembled_de_novo.gtf -A 4_POST_PROCESSING/4b_Method_2_HISAT2_De_Novo/5_stringtie_WD/Eggplant_V4.1_transcripts.function/SRR3884689/SRR3884689_Eggplant_V4.1_transcripts.function_gene_abundances_de_novo.tsv",29.92,140,19540,36.19,5.72,1217.08,7.60,0
2025-12-07 18:04:39,"stringtie -p 32 4_POST_PROCESSING/4b_Method_2_HISAT2_De_Novo/4_HISAT2_WD/Eggplant_V4.1_transcripts.function/SRR3884684/SRR3884684_Eggplant_V4.1_transcripts.function_trimmed_mapped_sorted.bam -o 4_POST_PROCESSING/4b_Method_2_HISAT2_De_Novo/5_stringtie_WD/Eggplant_V4.1_transcripts.function/SRR3884684/SRR3884684_Eggplant_V4.1_transcripts.function_trimmed_mapped_sorted_stringtie_assembled_de_novo.gtf -A 4_POST_PROCESSING/4b_Method_2_HISAT2_De_Novo/5_stringtie_WD/Eggplant_V4.1_transcripts.function/SRR3884684/SRR3884684_Eggplant_V4.1_transcripts.function_gene_abundances_de_novo.tsv",37.66,139,18532,45.67,7.02,1941.66,7.16,0
2025-12-07 18:09:00,"stringtie -p 32 4_POST_PROCESSING/4b_Method_2_HISAT2_De_Novo/4_HISAT2_WD/Eggplant_V4.1_transcripts.function/SRR3884686/SRR3884686_Eggplant_V4.1_transcripts.function_trimmed_mapped_sorted.bam -o 4_POST_PROCESSING/4b_Method_2_HISAT2_De_Novo/5_stringtie_WD/Eggplant_V4.1_transcripts.function/SRR3884686/SRR3884686_Eggplant_V4.1_transcripts.function_trimmed_mapped_sorted_stringtie_assembled_de_novo.gtf -A 4_POST_PROCESSING/4b_Method_2_HISAT2_De_Novo/5_stringtie_WD/Eggplant_V4.1_transcripts.function/SRR3884686/SRR3884686_Eggplant_V4.1_transcripts.function_gene_abundances_de_novo.tsv",40.88,137,17500,49.10,7.10,2244.89,7.86,0
2025-12-07 18:12:02,"stringtie -p 32 4_POST_PROCESSING/4b_Method_2_HISAT2_De_Novo/4_HISAT2_WD/Eggplant_V4.1_transcripts.function/SRR3884687/SRR3884687_Eggplant_V4.1_transcripts.function_trimmed_mapped_sorted.bam -o 4_POST_PROCESSING/4b_Method_2_HISAT2_De_Novo/5_stringtie_WD/Eggplant_V4.1_transcripts.function/SRR3884687/SRR3884687_Eggplant_V4.1_transcripts.function_trimmed_mapped_sorted_stringtie_assembled_de_novo.gtf -A 4_POST_PROCESSING/4b_Method_2_HISAT2_De_Novo/5_stringtie_WD/Eggplant_V4.1_transcripts.function/SRR3884687/SRR3884687_Eggplant_V4.1_transcripts.function_gene_abundances_de_novo.tsv",27.35,140,15428,33.12,5.42,1539.03,7.40,0
2025-12-07 18:16:07,"stringtie -p 32 4_POST_PROCESSING/4b_Method_2_HISAT2_De_Novo/4_HISAT2_WD/Eggplant_V4.1_transcripts.function/SRR3884597/SRR3884597_Eggplant_V4.1_transcripts.function_trimmed_mapped_sorted.bam -o 4_POST_PROCESSING/4b_Method_2_HISAT2_De_Novo/5_stringtie_WD/Eggplant_V4.1_transcripts.function/SRR3884597/SRR3884597_Eggplant_V4.1_transcripts.function_trimmed_mapped_sorted_stringtie_assembled_de_novo.gtf -A 4_POST_PROCESSING/4b_Method_2_HISAT2_De_Novo/5_stringtie_WD/Eggplant_V4.1_transcripts.function/SRR3884597/SRR3884597_Eggplant_V4.1_transcripts.function_gene_abundances_de_novo.tsv",37.94,132,16500,43.97,6.40,2298.12,7.99,0
2025-12-07 18:19:31,"stringtie -p 32 4_POST_PROCESSING/4b_Method_2_HISAT2_De_Novo/4_HISAT2_WD/Eggplant_V4.1_transcripts.function/SRR3884679/SRR3884679_Eggplant_V4.1_transcripts.function_trimmed_mapped_sorted.bam -o 4_POST_PROCESSING/4b_Method_2_HISAT2_De_Novo/5_stringtie_WD/Eggplant_V4.1_transcripts.function/SRR3884679/SRR3884679_Eggplant_V4.1_transcripts.function_trimmed_mapped_sorted_stringtie_assembled_de_novo.gtf -A 4_POST_PROCESSING/4b_Method_2_HISAT2_De_Novo/5_stringtie_WD/Eggplant_V4.1_transcripts.function/SRR3884679/SRR3884679_Eggplant_V4.1_transcripts.function_gene_abundances_de_novo.tsv",29.38,140,14444,35.44,5.89,1622.17,7.28,0
2025-12-07 18:25:27,"stringtie -p 32 4_POST_PROCESSING/4b_Method_2_HISAT2_De_Novo/4_HISAT2_WD/Eggplant_V4.1_transcripts.function/SRR3884608/SRR3884608_Eggplant_V4.1_transcripts.function_trimmed_mapped_sorted.bam -o 4_POST_PROCESSING/4b_Method_2_HISAT2_De_Novo/5_stringtie_WD/Eggplant_V4.1_transcripts.function/SRR3884608/SRR3884608_Eggplant_V4.1_transcripts.function_trimmed_mapped_sorted_stringtie_assembled_de_novo.gtf -A 4_POST_PROCESSING/4b_Method_2_HISAT2_De_Novo/5_stringtie_WD/Eggplant_V4.1_transcripts.function/SRR3884608/SRR3884608_Eggplant_V4.1_transcripts.function_gene_abundances_de_novo.tsv",58.88,139,23720,71.49,10.89,3162.50,8.57,0
2025-12-07 18:30:37,"stringtie -p 32 4_POST_PROCESSING/4b_Method_2_HISAT2_De_Novo/4_HISAT2_WD/Eggplant_V4.1_transcripts.function/SRR3884620/SRR3884620_Eggplant_V4.1_transcripts.function_trimmed_mapped_sorted.bam -o 4_POST_PROCESSING/4b_Method_2_HISAT2_De_Novo/5_stringtie_WD/Eggplant_V4.1_transcripts.function/SRR3884620/SRR3884620_Eggplant_V4.1_transcripts.function_trimmed_mapped_sorted_stringtie_assembled_de_novo.gtf -A 4_POST_PROCESSING/4b_Method_2_HISAT2_De_Novo/5_stringtie_WD/Eggplant_V4.1_transcripts.function/SRR3884620/SRR3884620_Eggplant_V4.1_transcripts.function_gene_abundances_de_novo.tsv",43.95,138,16512,52.59,8.13,2383.26,7.94,0
2025-12-07 18:35:56,"stringtie -p 32 4_POST_PROCESSING/4b_Method_2_HISAT2_De_Novo/4_HISAT2_WD/Eggplant_V4.1_transcripts.function/SRR3884631/SRR3884631_Eggplant_V4.1_transcripts.function_trimmed_mapped_sorted.bam -o 4_POST_PROCESSING/4b_Method_2_HISAT2_De_Novo/5_stringtie_WD/Eggplant_V4.1_transcripts.function/SRR3884631/SRR3884631_Eggplant_V4.1_transcripts.function_trimmed_mapped_sorted_stringtie_assembled_de_novo.gtf -A 4_POST_PROCESSING/4b_Method_2_HISAT2_De_Novo/5_stringtie_WD/Eggplant_V4.1_transcripts.function/SRR3884631/SRR3884631_Eggplant_V4.1_transcripts.function_gene_abundances_de_novo.tsv",49.65,141,18548,60.16,10.14,2695.91,8.14,0
2025-12-07 18:41:48,"stringtie -p 32 4_POST_PROCESSING/4b_Method_2_HISAT2_De_Novo/4_HISAT2_WD/Eggplant_V4.1_transcripts.function/SRR3884642/SRR3884642_Eggplant_V4.1_transcripts.function_trimmed_mapped_sorted.bam -o 4_POST_PROCESSING/4b_Method_2_HISAT2_De_Novo/5_stringtie_WD/Eggplant_V4.1_transcripts.function/SRR3884642/SRR3884642_Eggplant_V4.1_transcripts.function_trimmed_mapped_sorted_stringtie_assembled_de_novo.gtf -A 4_POST_PROCESSING/4b_Method_2_HISAT2_De_Novo/5_stringtie_WD/Eggplant_V4.1_transcripts.function/SRR3884642/SRR3884642_Eggplant_V4.1_transcripts.function_gene_abundances_de_novo.tsv",58.4,138,25744,71.02,9.68,3289.75,8.17,0
2025-12-07 18:47:01,"stringtie -p 32 4_POST_PROCESSING/4b_Method_2_HISAT2_De_Novo/4_HISAT2_WD/Eggplant_V4.1_transcripts.function/SRR3884653/SRR3884653_Eggplant_V4.1_transcripts.function_trimmed_mapped_sorted.bam -o 4_POST_PROCESSING/4b_Method_2_HISAT2_De_Novo/5_stringtie_WD/Eggplant_V4.1_transcripts.function/SRR3884653/SRR3884653_Eggplant_V4.1_transcripts.function_trimmed_mapped_sorted_stringtie_assembled_de_novo.gtf -A 4_POST_PROCESSING/4b_Method_2_HISAT2_De_Novo/5_stringtie_WD/Eggplant_V4.1_transcripts.function/SRR3884653/SRR3884653_Eggplant_V4.1_transcripts.function_gene_abundances_de_novo.tsv",48.51,141,17528,60.20,8.64,2723.50,7.99,0
2025-12-07 18:51:33,"stringtie -p 32 4_POST_PROCESSING/4b_Method_2_HISAT2_De_Novo/4_HISAT2_WD/Eggplant_V4.1_transcripts.function/SRR3884664/SRR3884664_Eggplant_V4.1_transcripts.function_trimmed_mapped_sorted.bam -o 4_POST_PROCESSING/4b_Method_2_HISAT2_De_Novo/5_stringtie_WD/Eggplant_V4.1_transcripts.function/SRR3884664/SRR3884664_Eggplant_V4.1_transcripts.function_trimmed_mapped_sorted_stringtie_assembled_de_novo.gtf -A 4_POST_PROCESSING/4b_Method_2_HISAT2_De_Novo/5_stringtie_WD/Eggplant_V4.1_transcripts.function/SRR3884664/SRR3884664_Eggplant_V4.1_transcripts.function_gene_abundances_de_novo.tsv",40.73,138,20616,48.73,7.81,2221.43,7.95,0
2025-12-07 18:56:24,"stringtie -p 32 4_POST_PROCESSING/4b_Method_2_HISAT2_De_Novo/4_HISAT2_WD/Eggplant_V4.1_transcripts.function/SRR3884680/SRR3884680_Eggplant_V4.1_transcripts.function_trimmed_mapped_sorted.bam -o 4_POST_PROCESSING/4b_Method_2_HISAT2_De_Novo/5_stringtie_WD/Eggplant_V4.1_transcripts.function/SRR3884680/SRR3884680_Eggplant_V4.1_transcripts.function_trimmed_mapped_sorted_stringtie_assembled_de_novo.gtf -A 4_POST_PROCESSING/4b_Method_2_HISAT2_De_Novo/5_stringtie_WD/Eggplant_V4.1_transcripts.function/SRR3884680/SRR3884680_Eggplant_V4.1_transcripts.function_gene_abundances_de_novo.tsv",48.26,138,28784,58.32,8.69,2731.72,7.13,0
2025-12-07 19:02:19,"stringtie -p 32 4_POST_PROCESSING/4b_Method_2_HISAT2_De_Novo/4_HISAT2_WD/Eggplant_V4.1_transcripts.function/SRR3884681/SRR3884681_Eggplant_V4.1_transcripts.function_trimmed_mapped_sorted.bam -o 4_POST_PROCESSING/4b_Method_2_HISAT2_De_Novo/5_stringtie_WD/Eggplant_V4.1_transcripts.function/SRR3884681/SRR3884681_Eggplant_V4.1_transcripts.function_trimmed_mapped_sorted_stringtie_assembled_de_novo.gtf -A 4_POST_PROCESSING/4b_Method_2_HISAT2_De_Novo/5_stringtie_WD/Eggplant_V4.1_transcripts.function/SRR3884681/SRR3884681_Eggplant_V4.1_transcripts.function_gene_abundances_de_novo.tsv",56.02,136,34960,67.84,8.57,3218.79,7.33,0
2025-12-07 19:08:54,"stringtie -p 32 4_POST_PROCESSING/4b_Method_2_HISAT2_De_Novo/4_HISAT2_WD/Eggplant_V4.1_transcripts.function/SRR3884678/SRR3884678_Eggplant_V4.1_transcripts.function_trimmed_mapped_sorted.bam -o 4_POST_PROCESSING/4b_Method_2_HISAT2_De_Novo/5_stringtie_WD/Eggplant_V4.1_transcripts.function/SRR3884678/SRR3884678_Eggplant_V4.1_transcripts.function_trimmed_mapped_sorted_stringtie_assembled_de_novo.gtf -A 4_POST_PROCESSING/4b_Method_2_HISAT2_De_Novo/5_stringtie_WD/Eggplant_V4.1_transcripts.function/SRR3884678/SRR3884678_Eggplant_V4.1_transcripts.function_gene_abundances_de_novo.tsv",57.92,132,22660,68.89,7.59,3206.80,7.87,0
2025-12-07 19:10:18,"stringtie -p 32 4_POST_PROCESSING/4b_Method_2_HISAT2_De_Novo/4_HISAT2_WD/Eggplant_V4.1_transcripts.function/SRR2072232/SRR2072232_Eggplant_V4.1_transcripts.function_trimmed_mapped_sorted.bam -o 4_POST_PROCESSING/4b_Method_2_HISAT2_De_Novo/5_stringtie_WD/Eggplant_V4.1_transcripts.function/SRR2072232/SRR2072232_Eggplant_V4.1_transcripts.function_trimmed_mapped_sorted_stringtie_assembled_de_novo.gtf -A 4_POST_PROCESSING/4b_Method_2_HISAT2_De_Novo/5_stringtie_WD/Eggplant_V4.1_transcripts.function/SRR2072232/SRR2072232_Eggplant_V4.1_transcripts.function_gene_abundances_de_novo.tsv",1.92,100,7244,1.81,0.11,392.52,.01,0
2025-12-07 19:24:42,"stringtie -p 32 4_POST_PROCESSING/4b_Method_2_HISAT2_De_Novo/4_HISAT2_WD/Eggplant_V4.1_transcripts.function/SRR20722234/SRR20722234_Eggplant_V4.1_transcripts.function_trimmed_mapped_sorted.bam -o 4_POST_PROCESSING/4b_Method_2_HISAT2_De_Novo/5_stringtie_WD/Eggplant_V4.1_transcripts.function/SRR20722234/SRR20722234_Eggplant_V4.1_transcripts.function_trimmed_mapped_sorted_stringtie_assembled_de_novo.gtf -A 4_POST_PROCESSING/4b_Method_2_HISAT2_De_Novo/5_stringtie_WD/Eggplant_V4.1_transcripts.function/SRR20722234/SRR20722234_Eggplant_V4.1_transcripts.function_gene_abundances_de_novo.tsv",145.78,118,55408,162.48,10.41,8164.02,8.41,0
2025-12-07 19:32:31,"stringtie -p 32 4_POST_PROCESSING/4b_Method_2_HISAT2_De_Novo/4_HISAT2_WD/Eggplant_V4.1_transcripts.function/SRR21010466/SRR21010466_Eggplant_V4.1_transcripts.function_trimmed_mapped_sorted.bam -o 4_POST_PROCESSING/4b_Method_2_HISAT2_De_Novo/5_stringtie_WD/Eggplant_V4.1_transcripts.function/SRR21010466/SRR21010466_Eggplant_V4.1_transcripts.function_trimmed_mapped_sorted_stringtie_assembled_de_novo.gtf -A 4_POST_PROCESSING/4b_Method_2_HISAT2_De_Novo/5_stringtie_WD/Eggplant_V4.1_transcripts.function/SRR21010466/SRR21010466_Eggplant_V4.1_transcripts.function_gene_abundances_de_novo.tsv",44.76,140,15452,54.41,8.42,1809.61,8.83,0
2025-12-07 19:44:16,"stringtie -p 32 4_POST_PROCESSING/4b_Method_2_HISAT2_De_Novo/4_HISAT2_WD/Eggplant_V4.1_transcripts.function/SRR20722233/SRR20722233_Eggplant_V4.1_transcripts.function_trimmed_mapped_sorted.bam -o 4_POST_PROCESSING/4b_Method_2_HISAT2_De_Novo/5_stringtie_WD/Eggplant_V4.1_transcripts.function/SRR20722233/SRR20722233_Eggplant_V4.1_transcripts.function_trimmed_mapped_sorted_stringtie_assembled_de_novo.gtf -A 4_POST_PROCESSING/4b_Method_2_HISAT2_De_Novo/5_stringtie_WD/Eggplant_V4.1_transcripts.function/SRR20722233/SRR20722233_Eggplant_V4.1_transcripts.function_gene_abundances_de_novo.tsv",113.35,126,36988,130.73,12.73,7866.37,9.35,0
2025-12-07 19:57:23,"stringtie -p 32 4_POST_PROCESSING/4b_Method_2_HISAT2_De_Novo/4_HISAT2_WD/Eggplant_V4.1_transcripts.function/SRR20722227/SRR20722227_Eggplant_V4.1_transcripts.function_trimmed_mapped_sorted.bam -o 4_POST_PROCESSING/4b_Method_2_HISAT2_De_Novo/5_stringtie_WD/Eggplant_V4.1_transcripts.function/SRR20722227/SRR20722227_Eggplant_V4.1_transcripts.function_trimmed_mapped_sorted_stringtie_assembled_de_novo.gtf -A 4_POST_PROCESSING/4b_Method_2_HISAT2_De_Novo/5_stringtie_WD/Eggplant_V4.1_transcripts.function/SRR20722227/SRR20722227_Eggplant_V4.1_transcripts.function_gene_abundances_de_novo.tsv",114.11,129,25732,134.88,12.98,7795.12,9.47,0
2025-12-07 20:12:42,"stringtie -p 32 4_POST_PROCESSING/4b_Method_2_HISAT2_De_Novo/4_HISAT2_WD/Eggplant_V4.1_transcripts.function/SRR20722229/SRR20722229_Eggplant_V4.1_transcripts.function_trimmed_mapped_sorted.bam -o 4_POST_PROCESSING/4b_Method_2_HISAT2_De_Novo/5_stringtie_WD/Eggplant_V4.1_transcripts.function/SRR20722229/SRR20722229_Eggplant_V4.1_transcripts.function_trimmed_mapped_sorted_stringtie_assembled_de_novo.gtf -A 4_POST_PROCESSING/4b_Method_2_HISAT2_De_Novo/5_stringtie_WD/Eggplant_V4.1_transcripts.function/SRR20722229/SRR20722229_Eggplant_V4.1_transcripts.function_gene_abundances_de_novo.tsv",132.95,123,71808,152.94,11.66,9474.26,9.48,0
2025-12-07 20:29:04,"stringtie -p 32 4_POST_PROCESSING/4b_Method_2_HISAT2_De_Novo/4_HISAT2_WD/Eggplant_V4.1_transcripts.function/SRR20722387/SRR20722387_Eggplant_V4.1_transcripts.function_trimmed_mapped_sorted.bam -o 4_POST_PROCESSING/4b_Method_2_HISAT2_De_Novo/5_stringtie_WD/Eggplant_V4.1_transcripts.function/SRR20722387/SRR20722387_Eggplant_V4.1_transcripts.function_trimmed_mapped_sorted_stringtie_assembled_de_novo.gtf -A 4_POST_PROCESSING/4b_Method_2_HISAT2_De_Novo/5_stringtie_WD/Eggplant_V4.1_transcripts.function/SRR20722387/SRR20722387_Eggplant_V4.1_transcripts.function_gene_abundances_de_novo.tsv",147.61,120,45164,164.65,12.51,9488.33,9.16,0
2025-12-07 20:38:09,"stringtie -p 32 4_POST_PROCESSING/4b_Method_2_HISAT2_De_Novo/4_HISAT2_WD/Eggplant_V4.1_transcripts.function/SRR23909863/SRR23909863_Eggplant_V4.1_transcripts.function_trimmed_mapped_sorted.bam -o 4_POST_PROCESSING/4b_Method_2_HISAT2_De_Novo/5_stringtie_WD/Eggplant_V4.1_transcripts.function/SRR23909863/SRR23909863_Eggplant_V4.1_transcripts.function_trimmed_mapped_sorted_stringtie_assembled_de_novo.gtf -A 4_POST_PROCESSING/4b_Method_2_HISAT2_De_Novo/5_stringtie_WD/Eggplant_V4.1_transcripts.function/SRR23909863/SRR23909863_Eggplant_V4.1_transcripts.function_gene_abundances_de_novo.tsv",56.84,137,20596,68.13,9.93,1889.83,9.23,0
2025-12-07 20:53:04,"stringtie -p 32 4_POST_PROCESSING/4b_Method_2_HISAT2_De_Novo/4_HISAT2_WD/Eggplant_V4.1_transcripts.function/SRR20722297/SRR20722297_Eggplant_V4.1_transcripts.function_trimmed_mapped_sorted.bam -o 4_POST_PROCESSING/4b_Method_2_HISAT2_De_Novo/5_stringtie_WD/Eggplant_V4.1_transcripts.function/SRR20722297/SRR20722297_Eggplant_V4.1_transcripts.function_trimmed_mapped_sorted_stringtie_assembled_de_novo.gtf -A 4_POST_PROCESSING/4b_Method_2_HISAT2_De_Novo/5_stringtie_WD/Eggplant_V4.1_transcripts.function/SRR20722297/SRR20722297_Eggplant_V4.1_transcripts.function_gene_abundances_de_novo.tsv",137.45,123,29808,157.34,11.81,7288.12,9.46,0
2025-12-07 21:02:54,"stringtie -p 32 4_POST_PROCESSING/4b_Method_2_HISAT2_De_Novo/4_HISAT2_WD/Eggplant_V4.1_transcripts.function/SRR20722296/SRR20722296_Eggplant_V4.1_transcripts.function_trimmed_mapped_sorted.bam -o 4_POST_PROCESSING/4b_Method_2_HISAT2_De_Novo/5_stringtie_WD/Eggplant_V4.1_transcripts.function/SRR20722296/SRR20722296_Eggplant_V4.1_transcripts.function_trimmed_mapped_sorted_stringtie_assembled_de_novo.gtf -A 4_POST_PROCESSING/4b_Method_2_HISAT2_De_Novo/5_stringtie_WD/Eggplant_V4.1_transcripts.function/SRR20722296/SRR20722296_Eggplant_V4.1_transcripts.function_gene_abundances_de_novo.tsv",79,132,20612,92.78,12.04,3757.84,9.01,0
2025-12-07 21:19:13,"stringtie -p 32 4_POST_PROCESSING/4b_Method_2_HISAT2_De_Novo/4_HISAT2_WD/Eggplant_V4.1_transcripts.function/SRR20722384/SRR20722384_Eggplant_V4.1_transcripts.function_trimmed_mapped_sorted.bam -o 4_POST_PROCESSING/4b_Method_2_HISAT2_De_Novo/5_stringtie_WD/Eggplant_V4.1_transcripts.function/SRR20722384/SRR20722384_Eggplant_V4.1_transcripts.function_trimmed_mapped_sorted_stringtie_assembled_de_novo.gtf -A 4_POST_PROCESSING/4b_Method_2_HISAT2_De_Novo/5_stringtie_WD/Eggplant_V4.1_transcripts.function/SRR20722384/SRR20722384_Eggplant_V4.1_transcripts.function_gene_abundances_de_novo.tsv",157.58,123,65680,180.99,13.84,10521.57,9.50,0
2025-12-07 21:27:56,"stringtie -p 32 4_POST_PROCESSING/4b_Method_2_HISAT2_De_Novo/4_HISAT2_WD/Eggplant_V4.1_transcripts.function/SRR31755282/SRR31755282_Eggplant_V4.1_transcripts.function_trimmed_mapped_sorted.bam -o 4_POST_PROCESSING/4b_Method_2_HISAT2_De_Novo/5_stringtie_WD/Eggplant_V4.1_transcripts.function/SRR31755282/SRR31755282_Eggplant_V4.1_transcripts.function_trimmed_mapped_sorted_stringtie_assembled_de_novo.gtf -A 4_POST_PROCESSING/4b_Method_2_HISAT2_De_Novo/5_stringtie_WD/Eggplant_V4.1_transcripts.function/SRR31755282/SRR31755282_Eggplant_V4.1_transcripts.function_gene_abundances_de_novo.tsv",39.31,129,15420,45.09,5.84,1657.22,8.67,0
